USE CRM2
GO
SET IDENTITY_INSERT [dbo].[Organization] ON 
GO
INSERT [dbo].[Organization] ([OrganizationId], [OrganizationCode], [OrganizationName], [ParentOrganizationId], [ParentOrganizationCode], [ParentOrganizationName], [OrganizationType], [OrganizationLevel], [OrganizationPath], [ContactPerson], [ContactPhone], [Address], [Description], [Status], [CreateTime], [CreateUserId], [CreateUserName], [CreateOrganizationId], [CreateOrganizationName], [ModifyTime], [ModifyUserId], [ModifyUserName], [ModifyOrganizationId], [ModifyOrganizationName]) VALUES (1, N'ORG001', N'宇宙科技有限公司总部', NULL, NULL, NULL, 1, 1, N'宇宙科技有限公司总部', N'张总', N'010-88888888', N'北京市海淀区中关村科技园1号', N'公司总部，负责整体战略规划和管理', 1, CAST(N'2025-01-01T09:00:00.000' AS DateTime), 1, N'系统管理员', 1, N'宇宙科技有限公司总部', CAST(N'2025-06-01T14:30:00.000' AS DateTime), 1, N'系统管理员', 1, N'宇宙科技有限公司总部')
GO
INSERT [dbo].[Organization] ([OrganizationId], [OrganizationCode], [OrganizationName], [ParentOrganizationId], [ParentOrganizationCode], [ParentOrganizationName], [OrganizationType], [OrganizationLevel], [OrganizationPath], [ContactPerson], [ContactPhone], [Address], [Description], [Status], [CreateTime], [CreateUserId], [CreateUserName], [CreateOrganizationId], [CreateOrganizationName], [ModifyTime], [ModifyUserId], [ModifyUserName], [ModifyOrganizationId], [ModifyOrganizationName]) VALUES (2, N'ORG002', N'销售事业部', 1, N'ORG001', N'宇宙科技有限公司总部', 2, 2, N'宇宙科技有限公司总部/销售事业部', N'李经理', N'010-66666666', N'北京市朝阳区国贸大厦A座10层', N'负责公司产品销售和客户关系管理', 1, CAST(N'2025-01-15T10:15:00.000' AS DateTime), 1, N'系统管理员', 1, N'宇宙科技有限公司总部', CAST(N'2025-07-10T11:45:00.000' AS DateTime), 1, N'系统管理员', 1, N'宇宙科技有限公司总部')
GO
INSERT [dbo].[Organization] ([OrganizationId], [OrganizationCode], [OrganizationName], [ParentOrganizationId], [ParentOrganizationCode], [ParentOrganizationName], [OrganizationType], [OrganizationLevel], [OrganizationPath], [ContactPerson], [ContactPhone], [Address], [Description], [Status], [CreateTime], [CreateUserId], [CreateUserName], [CreateOrganizationId], [CreateOrganizationName], [ModifyTime], [ModifyUserId], [ModifyUserName], [ModifyOrganizationId], [ModifyOrganizationName]) VALUES (3, N'ORG003', N'技术研发中心', 1, N'ORG001', N'宇宙科技有限公司总部', 2, 2, N'宇宙科技有限公司总部/技术研发中心', N'王总监', N'010-77777777', N'上海市浦东新区张江高科技园区', N'负责公司产品研发和技术创新', 1, CAST(N'2025-01-20T14:20:00.000' AS DateTime), 1, N'系统管理员', 1, N'宇宙科技有限公司总部', CAST(N'2025-08-05T16:10:00.000' AS DateTime), 1, N'系统管理员', 1, N'宇宙科技有限公司总部')
GO
SET IDENTITY_INSERT [dbo].[Organization] OFF
GO
SET IDENTITY_INSERT [dbo].[Department] ON 
GO
INSERT [dbo].[Department] ([DepartmentId], [DepartmentCode], [DepartmentName], [ParentDepartmentId], [ParentDepartmentCode], [ParentDepartmentName], [OrganizationId], [OrganizationCode], [OrganizationName], [DepartmentType], [DepartmentLevel], [DepartmentPath], [ManagerUserId], [ManagerUserName], [ContactPhone], [Description], [Status], [CreateTime], [CreateUserId], [CreateUserName], [CreateOrganizationId], [CreateOrganizationName], [ModifyTime], [ModifyUserId], [ModifyUserName], [ModifyOrganizationId], [ModifyOrganizationName]) VALUES (1, N'DEPT001', N'销售部', NULL, NULL, NULL, 1, N'ORG001', N'宇宙科技有限公司总部', 1, 1, N'销售部', 1, N'系统管理员', N'010-88880001', N'负责公司产品销售、市场拓展和客户关系管理', 1, CAST(N'2025-01-10T09:00:00.000' AS DateTime), 1, N'系统管理员', 1, N'宇宙科技有限公司总部', CAST(N'2025-06-15T14:30:00.000' AS DateTime), 1, N'系统管理员', 1, N'宇宙科技有限公司总部')
GO
INSERT [dbo].[Department] ([DepartmentId], [DepartmentCode], [DepartmentName], [ParentDepartmentId], [ParentDepartmentCode], [ParentDepartmentName], [OrganizationId], [OrganizationCode], [OrganizationName], [DepartmentType], [DepartmentLevel], [DepartmentPath], [ManagerUserId], [ManagerUserName], [ContactPhone], [Description], [Status], [CreateTime], [CreateUserId], [CreateUserName], [CreateOrganizationId], [CreateOrganizationName], [ModifyTime], [ModifyUserId], [ModifyUserName], [ModifyOrganizationId], [ModifyOrganizationName]) VALUES (2, N'DEPT002', N'技术部', NULL, NULL, NULL, 1, N'ORG001', N'宇宙科技有限公司总部', 2, 1, N'技术部', 1, N'系统管理员', N'010-88880002', N'负责技术研发、系统维护和技术支持', 1, CAST(N'2025-01-12T10:15:00.000' AS DateTime), 1, N'系统管理员', 1, N'宇宙科技有限公司总部', CAST(N'2025-07-20T11:45:00.000' AS DateTime), 1, N'系统管理员', 1, N'宇宙科技有限公司总部')
GO
INSERT [dbo].[Department] ([DepartmentId], [DepartmentCode], [DepartmentName], [ParentDepartmentId], [ParentDepartmentCode], [ParentDepartmentName], [OrganizationId], [OrganizationCode], [OrganizationName], [DepartmentType], [DepartmentLevel], [DepartmentPath], [ManagerUserId], [ManagerUserName], [ContactPhone], [Description], [Status], [CreateTime], [CreateUserId], [CreateUserName], [CreateOrganizationId], [CreateOrganizationName], [ModifyTime], [ModifyUserId], [ModifyUserName], [ModifyOrganizationId], [ModifyOrganizationName]) VALUES (3, N'DEPT003', N'财务部', NULL, NULL, NULL, 1, N'ORG001', N'宇宙科技有限公司总部', 3, 1, N'财务部', 1, N'系统管理员', N'010-88880003', N'负责公司财务管理、预算控制和会计核算', 1, CAST(N'2025-01-15T11:30:00.000' AS DateTime), 1, N'系统管理员', 1, N'宇宙科技有限公司总部', CAST(N'2025-08-10T16:00:00.000' AS DateTime), 1, N'系统管理员', 1, N'宇宙科技有限公司总部')
GO
INSERT [dbo].[Department] ([DepartmentId], [DepartmentCode], [DepartmentName], [ParentDepartmentId], [ParentDepartmentCode], [ParentDepartmentName], [OrganizationId], [OrganizationCode], [OrganizationName], [DepartmentType], [DepartmentLevel], [DepartmentPath], [ManagerUserId], [ManagerUserName], [ContactPhone], [Description], [Status], [CreateTime], [CreateUserId], [CreateUserName], [CreateOrganizationId], [CreateOrganizationName], [ModifyTime], [ModifyUserId], [ModifyUserName], [ModifyOrganizationId], [ModifyOrganizationName]) VALUES (4, N'DEPT004', N'人事行政部', NULL, NULL, NULL, 1, N'ORG001', N'宇宙科技有限公司总部', 5, 1, N'/4/', 1, N'系统管理员', N'010-88880004', N'负责人力资源管理、行政事务和后勤保障', 1, CAST(N'2025-01-18T13:45:00.000' AS DateTime), 1, N'系统管理员', 1, N'宇宙科技有限公司总部', CAST(N'2025-09-15T09:10:00.000' AS DateTime), 1, N'系统管理员', 1, N'宇宙科技有限公司总部')
GO
INSERT [dbo].[Department] ([DepartmentId], [DepartmentCode], [DepartmentName], [ParentDepartmentId], [ParentDepartmentCode], [ParentDepartmentName], [OrganizationId], [OrganizationCode], [OrganizationName], [DepartmentType], [DepartmentLevel], [DepartmentPath], [ManagerUserId], [ManagerUserName], [ContactPhone], [Description], [Status], [CreateTime], [CreateUserId], [CreateUserName], [CreateOrganizationId], [CreateOrganizationName], [ModifyTime], [ModifyUserId], [ModifyUserName], [ModifyOrganizationId], [ModifyOrganizationName]) VALUES (5, N'DEPT005', N'市场部', 1, N'DEPT001', N'销售部', 1, N'ORG001', N'宇宙科技有限公司总部', 1, 2, N'销售部/市场部', 1, N'系统管理员', N'010-88880005', N'负责市场推广、品牌建设和营销活动策划', 1, CAST(N'2025-01-20T14:00:00.000' AS DateTime), 1, N'系统管理员', 1, N'宇宙科技有限公司总部', CAST(N'2025-10-08T15:40:00.000' AS DateTime), 1, N'系统管理员', 1, N'宇宙科技有限公司总部')
GO
INSERT [dbo].[Department] ([DepartmentId], [DepartmentCode], [DepartmentName], [ParentDepartmentId], [ParentDepartmentCode], [ParentDepartmentName], [OrganizationId], [OrganizationCode], [OrganizationName], [DepartmentType], [DepartmentLevel], [DepartmentPath], [ManagerUserId], [ManagerUserName], [ContactPhone], [Description], [Status], [CreateTime], [CreateUserId], [CreateUserName], [CreateOrganizationId], [CreateOrganizationName], [ModifyTime], [ModifyUserId], [ModifyUserName], [ModifyOrganizationId], [ModifyOrganizationName]) VALUES (6, N'DEPT006', N'销售一部', 1, N'DEPT001', N'销售部', 1, N'ORG001', N'宇宙科技有限公司总部', 1, 2, N'销售部/销售一部', 1, N'系统管理员', N'010-88880005', N'销售一部', 1, CAST(N'2025-01-20T14:00:00.000' AS DateTime), 1, N'系统管理员', 1, N'宇宙科技有限公司总部', CAST(N'2025-10-08T15:40:00.000' AS DateTime), 1, N'系统管理员', 1, N'宇宙科技有限公司总部')
GO
INSERT [dbo].[Department] ([DepartmentId], [DepartmentCode], [DepartmentName], [ParentDepartmentId], [ParentDepartmentCode], [ParentDepartmentName], [OrganizationId], [OrganizationCode], [OrganizationName], [DepartmentType], [DepartmentLevel], [DepartmentPath], [ManagerUserId], [ManagerUserName], [ContactPhone], [Description], [Status], [CreateTime], [CreateUserId], [CreateUserName], [CreateOrganizationId], [CreateOrganizationName], [ModifyTime], [ModifyUserId], [ModifyUserName], [ModifyOrganizationId], [ModifyOrganizationName]) VALUES (7, N'DEPT007', N'销售二部', 1, N'DEPT001', N'销售部', 1, N'ORG001', N'宇宙科技有限公司总部', 1, 2, N'销售部/销售二部', 1, N'系统管理员', N'010-88880005', N'销售二部', 1, CAST(N'2025-01-20T14:00:00.000' AS DateTime), 1, N'系统管理员', 1, N'宇宙科技有限公司总部', CAST(N'2025-10-08T15:40:00.000' AS DateTime), 1, N'系统管理员', 1, N'宇宙科技有限公司总部')
GO
SET IDENTITY_INSERT [dbo].[Department] OFF
GO
SET IDENTITY_INSERT [dbo].[UserInfo] ON 
GO
INSERT [dbo].[UserInfo] ([UserId], [UserCode], [UserName], [LoginName], [PasswordHash], [Email], [Phone], [OrganizationId], [DepartmentId], [DepartmentName], [Position], [UserType], [Status], [LastLoginTime], [Remark], [CreateTime], [CreateUserId], [CreateUserName], [CreateOrganizationId], [CreateOrganizationName], [ModifyTime], [ModifyUserId], [ModifyUserName], [ModifyOrganizationId], [ModifyOrganizationName]) VALUES (1, N'ADMIN001', N'系统管理员', N'admin', N'e10adc3949ba59abbe56e057f20f883e', N'admin@company.com', N'13800000000', 1, NULL, N'管理部', N'系统管理员', 2, 1, CAST(N'2025-12-19T14:30:00.000' AS DateTime), N'系统初始管理员账户，拥有最高权限', CAST(N'2025-01-01T00:00:00.000' AS DateTime), 0, N'系统', 1, N'总部', CAST(N'2025-12-19T14:30:00.000' AS DateTime), 0, N'系统', 1, N'总部')
GO
INSERT [dbo].[UserInfo] ([UserId], [UserCode], [UserName], [LoginName], [PasswordHash], [Email], [Phone], [OrganizationId], [DepartmentId], [DepartmentName], [Position], [UserType], [Status], [LastLoginTime], [Remark], [CreateTime], [CreateUserId], [CreateUserName], [CreateOrganizationId], [CreateOrganizationName], [ModifyTime], [ModifyUserId], [ModifyUserName], [ModifyOrganizationId], [ModifyOrganizationName]) VALUES (2, N'EMP001', N'张伟', N'zhangwei', N'e10adc3949ba59abbe56e057f20f883e', N'zhangwei@company.com', N'13800138001', 1, 1, N'销售部', N'销售总监', 1, 1, CAST(N'2025-03-15T09:30:00.000' AS DateTime), N'工作认真负责', CAST(N'2025-01-05T08:30:00.000' AS DateTime), 1, N'系统管理员', 1, N'宇宙科技有限公司总部', CAST(N'2025-06-20T14:30:00.000' AS DateTime), 1, N'系统管理员', 1, N'宇宙科技有限公司总部')
GO
INSERT [dbo].[UserInfo] ([UserId], [UserCode], [UserName], [LoginName], [PasswordHash], [Email], [Phone], [OrganizationId], [DepartmentId], [DepartmentName], [Position], [UserType], [Status], [LastLoginTime], [Remark], [CreateTime], [CreateUserId], [CreateUserName], [CreateOrganizationId], [CreateOrganizationName], [ModifyTime], [ModifyUserId], [ModifyUserName], [ModifyOrganizationId], [ModifyOrganizationName]) VALUES (3, N'EMP002', N'王芳', N'wangfang', N'e10adc3949ba59abbe56e057f20f883e', N'wangfang@company.com', N'13800138002', 1, 1, N'销售部', N'销售经理', 1, 1, CAST(N'2025-04-10T14:20:00.000' AS DateTime), N'销售能力强', CAST(N'2025-01-08T09:15:00.000' AS DateTime), 1, N'系统管理员', 1, N'宇宙科技有限公司总部', CAST(N'2025-07-05T11:20:00.000' AS DateTime), 1, N'系统管理员', 1, N'宇宙科技有限公司总部')
GO
INSERT [dbo].[UserInfo] ([UserId], [UserCode], [UserName], [LoginName], [PasswordHash], [Email], [Phone], [OrganizationId], [DepartmentId], [DepartmentName], [Position], [UserType], [Status], [LastLoginTime], [Remark], [CreateTime], [CreateUserId], [CreateUserName], [CreateOrganizationId], [CreateOrganizationName], [ModifyTime], [ModifyUserId], [ModifyUserName], [ModifyOrganizationId], [ModifyOrganizationName]) VALUES (4, N'EMP003', N'李明', N'liming', N'e10adc3949ba59abbe56e057f20f883e', N'liming@company.com', N'13800138003', 1, 1, N'销售部', N'高级销售代表', 1, 1, CAST(N'2025-02-28T16:45:00.000' AS DateTime), N'业绩突出', CAST(N'2025-01-10T10:30:00.000' AS DateTime), 1, N'系统管理员', 1, N'宇宙科技有限公司总部', CAST(N'2025-08-10T16:00:00.000' AS DateTime), 1, N'系统管理员', 1, N'宇宙科技有限公司总部')
GO
INSERT [dbo].[UserInfo] ([UserId], [UserCode], [UserName], [LoginName], [PasswordHash], [Email], [Phone], [OrganizationId], [DepartmentId], [DepartmentName], [Position], [UserType], [Status], [LastLoginTime], [Remark], [CreateTime], [CreateUserId], [CreateUserName], [CreateOrganizationId], [CreateOrganizationName], [ModifyTime], [ModifyUserId], [ModifyUserName], [ModifyOrganizationId], [ModifyOrganizationName]) VALUES (5, N'EMP004', N'刘洋', N'liuyang', N'e10adc3949ba59abbe56e057f20f883e', N'liuyang@company.com', N'13800138004', 1, 1, N'销售部', N'销售代表', 1, 1, CAST(N'2025-05-18T11:20:00.000' AS DateTime), N'新人培养中', CAST(N'2025-01-12T13:45:00.000' AS DateTime), 1, N'系统管理员', 1, N'宇宙科技有限公司总部', CAST(N'2025-09-15T09:10:00.000' AS DateTime), 1, N'系统管理员', 1, N'宇宙科技有限公司总部')
GO
INSERT [dbo].[UserInfo] ([UserId], [UserCode], [UserName], [LoginName], [PasswordHash], [Email], [Phone], [OrganizationId], [DepartmentId], [DepartmentName], [Position], [UserType], [Status], [LastLoginTime], [Remark], [CreateTime], [CreateUserId], [CreateUserName], [CreateOrganizationId], [CreateOrganizationName], [ModifyTime], [ModifyUserId], [ModifyUserName], [ModifyOrganizationId], [ModifyOrganizationName]) VALUES (6, N'EMP005', N'陈静', N'chenjing', N'e10adc3949ba59abbe56e057f20f883e', N'chenjing@company.com', N'13800138005', 1, 1, N'销售部', N'销售助理', 1, 1, CAST(N'2025-06-22T15:30:00.000' AS DateTime), N'工作细致', CAST(N'2025-01-15T14:00:00.000' AS DateTime), 1, N'系统管理员', 1, N'宇宙科技有限公司总部', NULL, NULL, NULL, NULL, NULL)
GO
INSERT [dbo].[UserInfo] ([UserId], [UserCode], [UserName], [LoginName], [PasswordHash], [Email], [Phone], [OrganizationId], [DepartmentId], [DepartmentName], [Position], [UserType], [Status], [LastLoginTime], [Remark], [CreateTime], [CreateUserId], [CreateUserName], [CreateOrganizationId], [CreateOrganizationName], [ModifyTime], [ModifyUserId], [ModifyUserName], [ModifyOrganizationId], [ModifyOrganizationName]) VALUES (7, N'EMP006', N'杨帆', N'yangfan', N'e10adc3949ba59abbe56e057f20f883e', N'yangfan@company.com', N'13800138006', 1, 1, N'销售部', N'销售专员', 1, 1, CAST(N'2025-03-10T08:45:00.000' AS DateTime), N'学习能力强', CAST(N'2025-01-18T09:30:00.000' AS DateTime), 1, N'系统管理员', 1, N'宇宙科技有限公司总部', CAST(N'2025-10-08T15:40:00.000' AS DateTime), 1, N'系统管理员', 1, N'宇宙科技有限公司总部')
GO
INSERT [dbo].[UserInfo] ([UserId], [UserCode], [UserName], [LoginName], [PasswordHash], [Email], [Phone], [OrganizationId], [DepartmentId], [DepartmentName], [Position], [UserType], [Status], [LastLoginTime], [Remark], [CreateTime], [CreateUserId], [CreateUserName], [CreateOrganizationId], [CreateOrganizationName], [ModifyTime], [ModifyUserId], [ModifyUserName], [ModifyOrganizationId], [ModifyOrganizationName]) VALUES (8, N'EMP007', N'赵勇', N'zhaoyong', N'e10adc3949ba59abbe56e057f20f883e', N'zhaoyong@company.com', N'13800138007', 1, 1, N'销售部', N'大客户经理', 1, 1, CAST(N'2025-04-05T13:15:00.000' AS DateTime), N'客户关系好', CAST(N'2025-01-20T11:20:00.000' AS DateTime), 1, N'系统管理员', 1, N'宇宙科技有限公司总部', NULL, NULL, NULL, NULL, NULL)
GO
INSERT [dbo].[UserInfo] ([UserId], [UserCode], [UserName], [LoginName], [PasswordHash], [Email], [Phone], [OrganizationId], [DepartmentId], [DepartmentName], [Position], [UserType], [Status], [LastLoginTime], [Remark], [CreateTime], [CreateUserId], [CreateUserName], [CreateOrganizationId], [CreateOrganizationName], [ModifyTime], [ModifyUserId], [ModifyUserName], [ModifyOrganizationId], [ModifyOrganizationName]) VALUES (9, N'EMP008', N'黄蓉', N'huangrong', N'e10adc3949ba59abbe56e057f20f883e', N'huangrong@company.com', N'13800138008', 1, 1, N'销售部', N'渠道经理', 1, 1, CAST(N'2025-07-12T10:00:00.000' AS DateTime), N'渠道拓展能力强', CAST(N'2025-01-22T08:45:00.000' AS DateTime), 1, N'系统管理员', 1, N'宇宙科技有限公司总部', CAST(N'2025-11-20T14:15:00.000' AS DateTime), 1, N'系统管理员', 1, N'宇宙科技有限公司总部')
GO
INSERT [dbo].[UserInfo] ([UserId], [UserCode], [UserName], [LoginName], [PasswordHash], [Email], [Phone], [OrganizationId], [DepartmentId], [DepartmentName], [Position], [UserType], [Status], [LastLoginTime], [Remark], [CreateTime], [CreateUserId], [CreateUserName], [CreateOrganizationId], [CreateOrganizationName], [ModifyTime], [ModifyUserId], [ModifyUserName], [ModifyOrganizationId], [ModifyOrganizationName]) VALUES (10, N'EMP009', N'周涛', N'zhoutao', N'e10adc3949ba59abbe56e057f20f883e', N'zhoutao@company.com', N'13800138009', 1, 1, N'销售部', N'销售顾问', 1, 1, CAST(N'2025-08-30T15:30:00.000' AS DateTime), N'专业能力强', CAST(N'2025-01-25T10:15:00.000' AS DateTime), 1, N'系统管理员', 1, N'宇宙科技有限公司总部', NULL, NULL, NULL, NULL, NULL)
GO
INSERT [dbo].[UserInfo] ([UserId], [UserCode], [UserName], [LoginName], [PasswordHash], [Email], [Phone], [OrganizationId], [DepartmentId], [DepartmentName], [Position], [UserType], [Status], [LastLoginTime], [Remark], [CreateTime], [CreateUserId], [CreateUserName], [CreateOrganizationId], [CreateOrganizationName], [ModifyTime], [ModifyUserId], [ModifyUserName], [ModifyOrganizationId], [ModifyOrganizationName]) VALUES (11, N'EMP010', N'吴霞', N'wuxia', N'e10adc3949ba59abbe56e057f20f883e', N'wuxia@company.com', N'13800138010', 1, 1, N'销售部', N'销售培训师', 1, 0, CAST(N'2025-02-14T11:30:00.000' AS DateTime), N'已离职', CAST(N'2025-01-28T14:30:00.000' AS DateTime), 1, N'系统管理员', 1, N'宇宙科技有限公司总部', CAST(N'2025-06-15T10:20:00.000' AS DateTime), 1, N'系统管理员', 1, N'宇宙科技有限公司总部')
GO
INSERT [dbo].[UserInfo] ([UserId], [UserCode], [UserName], [LoginName], [PasswordHash], [Email], [Phone], [OrganizationId], [DepartmentId], [DepartmentName], [Position], [UserType], [Status], [LastLoginTime], [Remark], [CreateTime], [CreateUserId], [CreateUserName], [CreateOrganizationId], [CreateOrganizationName], [ModifyTime], [ModifyUserId], [ModifyUserName], [ModifyOrganizationId], [ModifyOrganizationName]) VALUES (12, N'EMP011', N'郑凯', N'zhengkai', N'e10adc3949ba59abbe56e057f20f883e', N'zhengkai@company.com', N'13800138011', 1, 2, N'技术部', N'技术总监', 2, 1, CAST(N'2025-09-18T16:45:00.000' AS DateTime), N'技术全面', CAST(N'2025-02-01T09:00:00.000' AS DateTime), 1, N'系统管理员', 1, N'宇宙科技有限公司总部', NULL, NULL, NULL, NULL, NULL)
GO
INSERT [dbo].[UserInfo] ([UserId], [UserCode], [UserName], [LoginName], [PasswordHash], [Email], [Phone], [OrganizationId], [DepartmentId], [DepartmentName], [Position], [UserType], [Status], [LastLoginTime], [Remark], [CreateTime], [CreateUserId], [CreateUserName], [CreateOrganizationId], [CreateOrganizationName], [ModifyTime], [ModifyUserId], [ModifyUserName], [ModifyOrganizationId], [ModifyOrganizationName]) VALUES (13, N'EMP012', N'孙磊', N'sunlei', N'e10adc3949ba59abbe56e057f20f883e', N'sunlei@company.com', N'13800138012', 1, 2, N'技术部', N'架构师', 2, 1, CAST(N'2025-10-22T14:00:00.000' AS DateTime), N'架构设计经验丰富', CAST(N'2025-02-03T13:15:00.000' AS DateTime), 1, N'系统管理员', 1, N'宇宙科技有限公司总部', NULL, NULL, NULL, NULL, NULL)
GO
INSERT [dbo].[UserInfo] ([UserId], [UserCode], [UserName], [LoginName], [PasswordHash], [Email], [Phone], [OrganizationId], [DepartmentId], [DepartmentName], [Position], [UserType], [Status], [LastLoginTime], [Remark], [CreateTime], [CreateUserId], [CreateUserName], [CreateOrganizationId], [CreateOrganizationName], [ModifyTime], [ModifyUserId], [ModifyUserName], [ModifyOrganizationId], [ModifyOrganizationName]) VALUES (14, N'EMP013', N'朱琳', N'zhulin', N'e10adc3949ba59abbe56e057f20f883e', N'zhulin@company.com', N'13800138013', 1, 2, N'技术部', N'后端开发工程师', 2, 1, CAST(N'2025-03-28T10:45:00.000' AS DateTime), N'Java技术专家', CAST(N'2025-02-05T08:45:00.000' AS DateTime), 1, N'系统管理员', 1, N'宇宙科技有限公司总部', CAST(N'2025-09-28T16:30:00.000' AS DateTime), 1, N'系统管理员', 1, N'宇宙科技有限公司总部')
GO
INSERT [dbo].[UserInfo] ([UserId], [UserCode], [UserName], [LoginName], [PasswordHash], [Email], [Phone], [OrganizationId], [DepartmentId], [DepartmentName], [Position], [UserType], [Status], [LastLoginTime], [Remark], [CreateTime], [CreateUserId], [CreateUserName], [CreateOrganizationId], [CreateOrganizationName], [ModifyTime], [ModifyUserId], [ModifyUserName], [ModifyOrganizationId], [ModifyOrganizationName]) VALUES (15, N'EMP014', N'马超', N'machao', N'e10adc3949ba59abbe56e057f20f883e', N'machao@company.com', N'13800138014', 1, 2, N'技术部', N'前端开发工程师', 2, 1, CAST(N'2025-07-05T13:20:00.000' AS DateTime), N'Vue技术专家', CAST(N'2025-02-08T11:40:00.000' AS DateTime), 1, N'系统管理员', 1, N'宇宙科技有限公司总部', NULL, NULL, NULL, NULL, NULL)
GO
INSERT [dbo].[UserInfo] ([UserId], [UserCode], [UserName], [LoginName], [PasswordHash], [Email], [Phone], [OrganizationId], [DepartmentId], [DepartmentName], [Position], [UserType], [Status], [LastLoginTime], [Remark], [CreateTime], [CreateUserId], [CreateUserName], [CreateOrganizationId], [CreateOrganizationName], [ModifyTime], [ModifyUserId], [ModifyUserName], [ModifyOrganizationId], [ModifyOrganizationName]) VALUES (16, N'EMP015', N'胡军', N'hujun', N'e10adc3949ba59abbe56e057f20f883e', N'hujun@company.com', N'13800138015', 1, 2, N'技术部', N'移动开发工程师', 2, 1, CAST(N'2025-04-12T15:10:00.000' AS DateTime), N'iOS开发专家', CAST(N'2025-02-10T14:00:00.000' AS DateTime), 1, N'系统管理员', 1, N'宇宙科技有限公司总部', CAST(N'2025-10-30T08:50:00.000' AS DateTime), 1, N'系统管理员', 1, N'宇宙科技有限公司总部')
GO
INSERT [dbo].[UserInfo] ([UserId], [UserCode], [UserName], [LoginName], [PasswordHash], [Email], [Phone], [OrganizationId], [DepartmentId], [DepartmentName], [Position], [UserType], [Status], [LastLoginTime], [Remark], [CreateTime], [CreateUserId], [CreateUserName], [CreateOrganizationId], [CreateOrganizationName], [ModifyTime], [ModifyUserId], [ModifyUserName], [ModifyOrganizationId], [ModifyOrganizationName]) VALUES (17, N'EMP016', N'林峰', N'linfeng', N'e10adc3949ba59abbe56e057f20f883e', N'linfeng@company.com', N'13800138016', 1, 2, N'技术部', N'测试工程师', 2, 1, CAST(N'2025-08-08T11:55:00.000' AS DateTime), N'测试经验丰富', CAST(N'2025-02-12T09:45:00.000' AS DateTime), 1, N'系统管理员', 1, N'宇宙科技有限公司总部', NULL, NULL, NULL, NULL, NULL)
GO
INSERT [dbo].[UserInfo] ([UserId], [UserCode], [UserName], [LoginName], [PasswordHash], [Email], [Phone], [OrganizationId], [DepartmentId], [DepartmentName], [Position], [UserType], [Status], [LastLoginTime], [Remark], [CreateTime], [CreateUserId], [CreateUserName], [CreateOrganizationId], [CreateOrganizationName], [ModifyTime], [ModifyUserId], [ModifyUserName], [ModifyOrganizationId], [ModifyOrganizationName]) VALUES (18, N'EMP017', N'郭婷', N'guoting', N'e10adc3949ba59abbe56e057f20f883e', N'guoting@company.com', N'13800138017', 1, 2, N'技术部', N'数据库管理员', 2, 1, CAST(N'2025-11-14T09:25:00.000' AS DateTime), N'DBA专家', CAST(N'2025-02-15T13:20:00.000' AS DateTime), 1, N'系统管理员', 1, N'宇宙科技有限公司总部', CAST(N'2025-11-25T15:40:00.000' AS DateTime), 1, N'系统管理员', 1, N'宇宙科技有限公司总部')
GO
INSERT [dbo].[UserInfo] ([UserId], [UserCode], [UserName], [LoginName], [PasswordHash], [Email], [Phone], [OrganizationId], [DepartmentId], [DepartmentName], [Position], [UserType], [Status], [LastLoginTime], [Remark], [CreateTime], [CreateUserId], [CreateUserName], [CreateOrganizationId], [CreateOrganizationName], [ModifyTime], [ModifyUserId], [ModifyUserName], [ModifyOrganizationId], [ModifyOrganizationName]) VALUES (19, N'EMP018', N'何洁', N'hejie', N'e10adc3949ba59abbe56e057f20f883e', N'hejie@company.com', N'13800138018', 1, 2, N'技术部', N'运维工程师', 2, 1, CAST(N'2025-05-30T14:35:00.000' AS DateTime), N'运维经验丰富', CAST(N'2025-02-18T08:15:00.000' AS DateTime), 1, N'系统管理员', 1, N'宇宙科技有限公司总部', NULL, NULL, NULL, NULL, NULL)
GO
INSERT [dbo].[UserInfo] ([UserId], [UserCode], [UserName], [LoginName], [PasswordHash], [Email], [Phone], [OrganizationId], [DepartmentId], [DepartmentName], [Position], [UserType], [Status], [LastLoginTime], [Remark], [CreateTime], [CreateUserId], [CreateUserName], [CreateOrganizationId], [CreateOrganizationName], [ModifyTime], [ModifyUserId], [ModifyUserName], [ModifyOrganizationId], [ModifyOrganizationName]) VALUES (20, N'EMP019', N'高翔', N'gaoxiang', N'e10adc3949ba59abbe56e057f20f883e', N'gaoxiang@company.com', N'13800138019', 1, 2, N'技术部', N'大数据工程师', 2, 1, CAST(N'2025-09-05T16:20:00.000' AS DateTime), N'大数据技术专家', CAST(N'2025-02-20T11:00:00.000' AS DateTime), 1, N'系统管理员', 1, N'宇宙科技有限公司总部', CAST(N'2025-12-10T10:15:00.000' AS DateTime), 1, N'系统管理员', 1, N'宇宙科技有限公司总部')
GO
INSERT [dbo].[UserInfo] ([UserId], [UserCode], [UserName], [LoginName], [PasswordHash], [Email], [Phone], [OrganizationId], [DepartmentId], [DepartmentName], [Position], [UserType], [Status], [LastLoginTime], [Remark], [CreateTime], [CreateUserId], [CreateUserName], [CreateOrganizationId], [CreateOrganizationName], [ModifyTime], [ModifyUserId], [ModifyUserName], [ModifyOrganizationId], [ModifyOrganizationName]) VALUES (21, N'EMP020', N'罗敏', N'luomin', N'e10adc3949ba59abbe56e057f20f883e', N'luomin@company.com', N'13800138020', 1, 2, N'技术部', N'AI算法工程师', 2, 1, CAST(N'2025-12-12T12:20:00.000' AS DateTime), N'机器学习专家', CAST(N'2025-02-22T15:30:00.000' AS DateTime), 1, N'系统管理员', 1, N'宇宙科技有限公司总部', NULL, NULL, NULL, NULL, NULL)
GO
INSERT [dbo].[UserInfo] ([UserId], [UserCode], [UserName], [LoginName], [PasswordHash], [Email], [Phone], [OrganizationId], [DepartmentId], [DepartmentName], [Position], [UserType], [Status], [LastLoginTime], [Remark], [CreateTime], [CreateUserId], [CreateUserName], [CreateOrganizationId], [CreateOrganizationName], [ModifyTime], [ModifyUserId], [ModifyUserName], [ModifyOrganizationId], [ModifyOrganizationName]) VALUES (22, N'EMP021', N'梁静', N'liangjing', N'e10adc3949ba59abbe56e057f20f883e', N'liangjing@company.com', N'13800138021', 1, 3, N'财务部', N'财务总监', 3, 1, CAST(N'2025-01-25T10:05:00.000' AS DateTime), N'财务管理经验丰富', CAST(N'2025-02-25T09:30:00.000' AS DateTime), 1, N'系统管理员', 1, N'宇宙科技有限公司总部', CAST(N'2025-08-18T13:55:00.000' AS DateTime), 1, N'系统管理员', 1, N'宇宙科技有限公司总部')
GO
INSERT [dbo].[UserInfo] ([UserId], [UserCode], [UserName], [LoginName], [PasswordHash], [Email], [Phone], [OrganizationId], [DepartmentId], [DepartmentName], [Position], [UserType], [Status], [LastLoginTime], [Remark], [CreateTime], [CreateUserId], [CreateUserName], [CreateOrganizationId], [CreateOrganizationName], [ModifyTime], [ModifyUserId], [ModifyUserName], [ModifyOrganizationId], [ModifyOrganizationName]) VALUES (23, N'EMP022', N'宋佳', N'songjia', N'e10adc3949ba59abbe56e057f20f883e', N'songjia@company.com', N'13800138022', 1, 3, N'财务部', N'财务经理', 3, 1, CAST(N'2025-10-10T15:30:00.000' AS DateTime), N'财务分析能力强', CAST(N'2025-02-28T10:20:00.000' AS DateTime), 1, N'系统管理员', 1, N'宇宙科技有限公司总部', NULL, NULL, NULL, NULL, NULL)
GO
INSERT [dbo].[UserInfo] ([UserId], [UserCode], [UserName], [LoginName], [PasswordHash], [Email], [Phone], [OrganizationId], [DepartmentId], [DepartmentName], [Position], [UserType], [Status], [LastLoginTime], [Remark], [CreateTime], [CreateUserId], [CreateUserName], [CreateOrganizationId], [CreateOrganizationName], [ModifyTime], [ModifyUserId], [ModifyUserName], [ModifyOrganizationId], [ModifyOrganizationName]) VALUES (24, N'EMP023', N'唐磊', N'tanglei', N'e10adc3949ba59abbe56e057f20f883e', N'tanglei@company.com', N'13800138023', 1, 3, N'财务部', N'会计主管', 3, 1, CAST(N'2025-04-28T13:45:00.000' AS DateTime), N'会计核算专业', CAST(N'2025-03-02T08:50:00.000' AS DateTime), 1, N'系统管理员', 1, N'宇宙科技有限公司总部', CAST(N'2025-11-08T09:35:00.000' AS DateTime), 1, N'系统管理员', 1, N'宇宙科技有限公司总部')
GO
INSERT [dbo].[UserInfo] ([UserId], [UserCode], [UserName], [LoginName], [PasswordHash], [Email], [Phone], [OrganizationId], [DepartmentId], [DepartmentName], [Position], [UserType], [Status], [LastLoginTime], [Remark], [CreateTime], [CreateUserId], [CreateUserName], [CreateOrganizationId], [CreateOrganizationName], [ModifyTime], [ModifyUserId], [ModifyUserName], [ModifyOrganizationId], [ModifyOrganizationName]) VALUES (25, N'EMP024', N'许晴', N'xuqing', N'e10adc3949ba59abbe56e057f20f883e', N'xuqing@company.com', N'13800138024', 1, 3, N'财务部', N'税务专员', 3, 1, CAST(N'2025-07-22T11:10:00.000' AS DateTime), N'税务筹划专业', CAST(N'2025-03-05T15:15:00.000' AS DateTime), 1, N'系统管理员', 1, N'宇宙科技有限公司总部', NULL, NULL, NULL, NULL, NULL)
GO
INSERT [dbo].[UserInfo] ([UserId], [UserCode], [UserName], [LoginName], [PasswordHash], [Email], [Phone], [OrganizationId], [DepartmentId], [DepartmentName], [Position], [UserType], [Status], [LastLoginTime], [Remark], [CreateTime], [CreateUserId], [CreateUserName], [CreateOrganizationId], [CreateOrganizationName], [ModifyTime], [ModifyUserId], [ModifyUserName], [ModifyOrganizationId], [ModifyOrganizationName]) VALUES (26, N'EMP025', N'韩梅', N'hanmei', N'e10adc3949ba59abbe56e057f20f883e', N'hanmei@company.com', N'13800138025', 1, 3, N'财务部', N'成本会计', 3, 1, CAST(N'2025-12-05T14:25:00.000' AS DateTime), N'成本控制专业', CAST(N'2025-03-08T11:40:00.000' AS DateTime), 1, N'系统管理员', 1, N'宇宙科技有限公司总部', CAST(N'2025-12-25T16:10:00.000' AS DateTime), 1, N'系统管理员', 1, N'宇宙科技有限公司总部')
GO
INSERT [dbo].[UserInfo] ([UserId], [UserCode], [UserName], [LoginName], [PasswordHash], [Email], [Phone], [OrganizationId], [DepartmentId], [DepartmentName], [Position], [UserType], [Status], [LastLoginTime], [Remark], [CreateTime], [CreateUserId], [CreateUserName], [CreateOrganizationId], [CreateOrganizationName], [ModifyTime], [ModifyUserId], [ModifyUserName], [ModifyOrganizationId], [ModifyOrganizationName]) VALUES (27, N'EMP026', N'冯军', N'fengjun', N'e10adc3949ba59abbe56e057f20f883e', N'fengjun@company.com', N'13800138026', 1, 3, N'财务部', N'出纳', 3, 1, CAST(N'2025-02-20T10:50:00.000' AS DateTime), N'工作细心', CAST(N'2025-03-11T13:05:00.000' AS DateTime), 1, N'系统管理员', 1, N'宇宙科技有限公司总部', NULL, NULL, NULL, NULL, NULL)
GO
INSERT [dbo].[UserInfo] ([UserId], [UserCode], [UserName], [LoginName], [PasswordHash], [Email], [Phone], [OrganizationId], [DepartmentId], [DepartmentName], [Position], [UserType], [Status], [LastLoginTime], [Remark], [CreateTime], [CreateUserId], [CreateUserName], [CreateOrganizationId], [CreateOrganizationName], [ModifyTime], [ModifyUserId], [ModifyUserName], [ModifyOrganizationId], [ModifyOrganizationName]) VALUES (28, N'EMP027', N'曹阳', N'caoyang', N'e10adc3949ba59abbe56e057f20f883e', N'caoyang@company.com', N'13800138027', 1, 3, N'财务部', N'审计专员', 3, 1, CAST(N'2025-11-08T13:30:00.000' AS DateTime), N'审计经验丰富', CAST(N'2025-03-14T08:35:00.000' AS DateTime), 1, N'系统管理员', 1, N'宇宙科技有限公司总部', CAST(N'2025-11-30T11:25:00.000' AS DateTime), 1, N'系统管理员', 1, N'宇宙科技有限公司总部')
GO
INSERT [dbo].[UserInfo] ([UserId], [UserCode], [UserName], [LoginName], [PasswordHash], [Email], [Phone], [OrganizationId], [DepartmentId], [DepartmentName], [Position], [UserType], [Status], [LastLoginTime], [Remark], [CreateTime], [CreateUserId], [CreateUserName], [CreateOrganizationId], [CreateOrganizationName], [ModifyTime], [ModifyUserId], [ModifyUserName], [ModifyOrganizationId], [ModifyOrganizationName]) VALUES (29, N'EMP028', N'彭丽', N'pengli', N'e10adc3949ba59abbe56e057f20f883e', N'pengli@company.com', N'13800138028', 1, 3, N'财务部', N'财务分析师', 3, 1, CAST(N'2025-05-12T08:20:00.000' AS DateTime), N'数据分析能力强', CAST(N'2025-03-17T10:30:00.000' AS DateTime), 1, N'系统管理员', 1, N'宇宙科技有限公司总部', NULL, NULL, NULL, NULL, NULL)
GO
INSERT [dbo].[UserInfo] ([UserId], [UserCode], [UserName], [LoginName], [PasswordHash], [Email], [Phone], [OrganizationId], [DepartmentId], [DepartmentName], [Position], [UserType], [Status], [LastLoginTime], [Remark], [CreateTime], [CreateUserId], [CreateUserName], [CreateOrganizationId], [CreateOrganizationName], [ModifyTime], [ModifyUserId], [ModifyUserName], [ModifyOrganizationId], [ModifyOrganizationName]) VALUES (30, N'EMP029', N'曾华', N'zenghua', N'e10adc3949ba59abbe56e057f20f883e', N'zenghua@company.com', N'13800138029', 1, 3, N'财务部', N'预算专员', 3, 1, CAST(N'2025-09-22T15:05:00.000' AS DateTime), N'预算管理专业', CAST(N'2025-03-20T14:55:00.000' AS DateTime), 1, N'系统管理员', 1, N'宇宙科技有限公司总部', CAST(N'2025-12-15T09:40:00.000' AS DateTime), 1, N'系统管理员', 1, N'宇宙科技有限公司总部')
GO
INSERT [dbo].[UserInfo] ([UserId], [UserCode], [UserName], [LoginName], [PasswordHash], [Email], [Phone], [OrganizationId], [DepartmentId], [DepartmentName], [Position], [UserType], [Status], [LastLoginTime], [Remark], [CreateTime], [CreateUserId], [CreateUserName], [CreateOrganizationId], [CreateOrganizationName], [ModifyTime], [ModifyUserId], [ModifyUserName], [ModifyOrganizationId], [ModifyOrganizationName]) VALUES (31, N'EMP030', N'肖娜', N'xiaona', N'e10adc3949ba59abbe56e057f20f883e', N'xiaona@company.com', N'13800138030', 1, 3, N'财务部', N'应收会计', 3, 1, CAST(N'2025-04-10T14:15:00.000' AS DateTime), N'应收账款管理', CAST(N'2025-03-23T08:20:00.000' AS DateTime), 1, N'系统管理员', 1, N'宇宙科技有限公司总部', NULL, NULL, NULL, NULL, NULL)
GO
INSERT [dbo].[UserInfo] ([UserId], [UserCode], [UserName], [LoginName], [PasswordHash], [Email], [Phone], [OrganizationId], [DepartmentId], [DepartmentName], [Position], [UserType], [Status], [LastLoginTime], [Remark], [CreateTime], [CreateUserId], [CreateUserName], [CreateOrganizationId], [CreateOrganizationName], [ModifyTime], [ModifyUserId], [ModifyUserName], [ModifyOrganizationId], [ModifyOrganizationName]) VALUES (32, N'EMP031', N'田宇', N'tianyu', N'e10adc3949ba59abbe56e057f20f883e', N'tianyu@company.com', N'13800138031', 1, 4, N'人事行政部', N'人事总监', 4, 1, CAST(N'2025-07-28T11:45:00.000' AS DateTime), N'人力资源管理经验丰富', CAST(N'2025-03-26T13:40:00.000' AS DateTime), 1, N'系统管理员', 1, N'宇宙科技有限公司总部', CAST(N'2025-10-25T16:30:00.000' AS DateTime), 1, N'系统管理员', 1, N'宇宙科技有限公司总部')
GO
INSERT [dbo].[UserInfo] ([UserId], [UserCode], [UserName], [LoginName], [PasswordHash], [Email], [Phone], [OrganizationId], [DepartmentId], [DepartmentName], [Position], [UserType], [Status], [LastLoginTime], [Remark], [CreateTime], [CreateUserId], [CreateUserName], [CreateOrganizationId], [CreateOrganizationName], [ModifyTime], [ModifyUserId], [ModifyUserName], [ModifyOrganizationId], [ModifyOrganizationName]) VALUES (33, N'EMP032', N'董洁', N'dongjie', N'e10adc3949ba59abbe56e057f20f883e', N'dongjie@company.com', N'13800138032', 1, 4, N'人事行政部', N'招聘经理', 4, 1, CAST(N'2025-01-30T09:35:00.000' AS DateTime), N'招聘经验丰富', CAST(N'2025-03-29T10:05:00.000' AS DateTime), 1, N'系统管理员', 1, N'宇宙科技有限公司总部', NULL, NULL, NULL, NULL, NULL)
GO
INSERT [dbo].[UserInfo] ([UserId], [UserCode], [UserName], [LoginName], [PasswordHash], [Email], [Phone], [OrganizationId], [DepartmentId], [DepartmentName], [Position], [UserType], [Status], [LastLoginTime], [Remark], [CreateTime], [CreateUserId], [CreateUserName], [CreateOrganizationId], [CreateOrganizationName], [ModifyTime], [ModifyUserId], [ModifyUserName], [ModifyOrganizationId], [ModifyOrganizationName]) VALUES (34, N'EMP033', N'潘伟', N'panwei', N'e10adc3949ba59abbe56e057f20f883e', N'panwei@company.com', N'13800138033', 1, 4, N'人事行政部', N'薪酬福利专员', 4, 1, CAST(N'2025-10-05T16:55:00.000' AS DateTime), N'薪酬管理专业', CAST(N'2025-04-01T14:30:00.000' AS DateTime), 1, N'系统管理员', 1, N'宇宙科技有限公司总部', CAST(N'2025-12-01T10:50:00.000' AS DateTime), 1, N'系统管理员', 1, N'宇宙科技有限公司总部')
GO
INSERT [dbo].[UserInfo] ([UserId], [UserCode], [UserName], [LoginName], [PasswordHash], [Email], [Phone], [OrganizationId], [DepartmentId], [DepartmentName], [Position], [UserType], [Status], [LastLoginTime], [Remark], [CreateTime], [CreateUserId], [CreateUserName], [CreateOrganizationId], [CreateOrganizationName], [ModifyTime], [ModifyUserId], [ModifyUserName], [ModifyOrganizationId], [ModifyOrganizationName]) VALUES (35, N'EMP034', N'袁媛', N'yuanyuan', N'e10adc3949ba59abbe56e057f20f883e', N'yuanyuan@company.com', N'13800138034', 1, 4, N'人事行政部', N'培训专员', 4, 1, CAST(N'2025-03-25T12:10:00.000' AS DateTime), N'培训组织能力强', CAST(N'2025-04-04T09:15:00.000' AS DateTime), 1, N'系统管理员', 1, N'宇宙科技有限公司总部', NULL, NULL, NULL, NULL, NULL)
GO
INSERT [dbo].[UserInfo] ([UserId], [UserCode], [UserName], [LoginName], [PasswordHash], [Email], [Phone], [OrganizationId], [DepartmentId], [DepartmentName], [Position], [UserType], [Status], [LastLoginTime], [Remark], [CreateTime], [CreateUserId], [CreateUserName], [CreateOrganizationId], [CreateOrganizationName], [ModifyTime], [ModifyUserId], [ModifyUserName], [ModifyOrganizationId], [ModifyOrganizationName]) VALUES (36, N'EMP035', N'于洋', N'yuyang', N'e10adc3949ba59abbe56e057f20f883e', N'yuyang@company.com', N'13800138035', 1, 4, N'人事行政部', N'绩效专员', 4, 1, CAST(N'2025-08-16T15:25:00.000' AS DateTime), N'绩效考核专业', CAST(N'2025-04-07T11:20:00.000' AS DateTime), 1, N'系统管理员', 1, N'宇宙科技有限公司总部', CAST(N'2025-11-12T14:45:00.000' AS DateTime), 1, N'系统管理员', 1, N'宇宙科技有限公司总部')
GO
INSERT [dbo].[UserInfo] ([UserId], [UserCode], [UserName], [LoginName], [PasswordHash], [Email], [Phone], [OrganizationId], [DepartmentId], [DepartmentName], [Position], [UserType], [Status], [LastLoginTime], [Remark], [CreateTime], [CreateUserId], [CreateUserName], [CreateOrganizationId], [CreateOrganizationName], [ModifyTime], [ModifyUserId], [ModifyUserName], [ModifyOrganizationId], [ModifyOrganizationName]) VALUES (37, N'EMP036', N'蒋欣', N'jiangxin', N'e10adc3949ba59abbe56e057f20f883e', N'jiangxin@company.com', N'13800138036', 1, 4, N'人事行政部', N'员工关系专员', 4, 1, CAST(N'2025-05-08T13:40:00.000' AS DateTime), N'员工关系处理专业', CAST(N'2025-04-10T08:45:00.000' AS DateTime), 1, N'系统管理员', 1, N'宇宙科技有限公司总部', NULL, NULL, NULL, NULL, NULL)
GO
INSERT [dbo].[UserInfo] ([UserId], [UserCode], [UserName], [LoginName], [PasswordHash], [Email], [Phone], [OrganizationId], [DepartmentId], [DepartmentName], [Position], [UserType], [Status], [LastLoginTime], [Remark], [CreateTime], [CreateUserId], [CreateUserName], [CreateOrganizationId], [CreateOrganizationName], [ModifyTime], [ModifyUserId], [ModifyUserName], [ModifyOrganizationId], [ModifyOrganizationName]) VALUES (38, N'EMP037', N'蔡明', N'caiming', N'e10adc3949ba59abbe56e057f20f883e', N'caiming@company.com', N'13800138037', 1, 4, N'人事行政部', N'行政经理', 4, 1, CAST(N'2025-11-20T10:30:00.000' AS DateTime), N'行政管理经验丰富', CAST(N'2025-04-13T14:10:00.000' AS DateTime), 1, N'系统管理员', 1, N'宇宙科技有限公司总部', CAST(N'2025-12-18T09:15:00.000' AS DateTime), 1, N'系统管理员', 1, N'宇宙科技有限公司总部')
GO
INSERT [dbo].[UserInfo] ([UserId], [UserCode], [UserName], [LoginName], [PasswordHash], [Email], [Phone], [OrganizationId], [DepartmentId], [DepartmentName], [Position], [UserType], [Status], [LastLoginTime], [Remark], [CreateTime], [CreateUserId], [CreateUserName], [CreateOrganizationId], [CreateOrganizationName], [ModifyTime], [ModifyUserId], [ModifyUserName], [ModifyOrganizationId], [ModifyOrganizationName]) VALUES (39, N'EMP038', N'余华', N'yuhua', N'e10adc3949ba59abbe56e057f20f883e', N'yuhua@company.com', N'13800138038', 1, 4, N'人事行政部', N'前台接待', 4, 1, CAST(N'2025-06-05T14:50:00.000' AS DateTime), N'服务态度好', CAST(N'2025-04-16T10:35:00.000' AS DateTime), 1, N'系统管理员', 1, N'宇宙科技有限公司总部', NULL, NULL, NULL, NULL, NULL)
GO
INSERT [dbo].[UserInfo] ([UserId], [UserCode], [UserName], [LoginName], [PasswordHash], [Email], [Phone], [OrganizationId], [DepartmentId], [DepartmentName], [Position], [UserType], [Status], [LastLoginTime], [Remark], [CreateTime], [CreateUserId], [CreateUserName], [CreateOrganizationId], [CreateOrganizationName], [ModifyTime], [ModifyUserId], [ModifyUserName], [ModifyOrganizationId], [ModifyOrganizationName]) VALUES (40, N'EMP039', N'杜威', N'duwei', N'e10adc3949ba59abbe56e057f20f883e', N'duwei@company.com', N'13800138039', 1, 4, N'人事行政部', N'行政助理', 4, 1, CAST(N'2025-02-18T09:05:00.000' AS DateTime), N'工作细致', CAST(N'2025-04-19T13:25:00.000' AS DateTime), 1, N'系统管理员', 1, N'宇宙科技有限公司总部', CAST(N'2025-09-10T15:20:00.000' AS DateTime), 1, N'系统管理员', 1, N'宇宙科技有限公司总部')
GO
INSERT [dbo].[UserInfo] ([UserId], [UserCode], [UserName], [LoginName], [PasswordHash], [Email], [Phone], [OrganizationId], [DepartmentId], [DepartmentName], [Position], [UserType], [Status], [LastLoginTime], [Remark], [CreateTime], [CreateUserId], [CreateUserName], [CreateOrganizationId], [CreateOrganizationName], [ModifyTime], [ModifyUserId], [ModifyUserName], [ModifyOrganizationId], [ModifyOrganizationName]) VALUES (41, N'EMP040', N'叶婷', N'yeting', N'e10adc3949ba59abbe56e057f20f883e', N'yeting@company.com', N'13800138040', 1, 4, N'人事行政部', N'采购专员', 4, 1, CAST(N'2025-09-28T16:15:00.000' AS DateTime), N'采购经验丰富', CAST(N'2025-04-22T08:55:00.000' AS DateTime), 1, N'系统管理员', 1, N'宇宙科技有限公司总部', NULL, NULL, NULL, NULL, NULL)
GO
INSERT [dbo].[UserInfo] ([UserId], [UserCode], [UserName], [LoginName], [PasswordHash], [Email], [Phone], [OrganizationId], [DepartmentId], [DepartmentName], [Position], [UserType], [Status], [LastLoginTime], [Remark], [CreateTime], [CreateUserId], [CreateUserName], [CreateOrganizationId], [CreateOrganizationName], [ModifyTime], [ModifyUserId], [ModifyUserName], [ModifyOrganizationId], [ModifyOrganizationName]) VALUES (42, N'EMP041', N'程浩', N'chenghao', N'e10adc3949ba59abbe56e057f20f883e', N'chenghao@company.com', N'13800138041', 1, 5, N'市场部', N'市场总监', 1, 1, CAST(N'2025-04-02T11:25:00.000' AS DateTime), N'市场策划能力强', CAST(N'2025-04-25T11:45:00.000' AS DateTime), 1, N'系统管理员', 1, N'宇宙科技有限公司总部', CAST(N'2025-10-05T13:10:00.000' AS DateTime), 1, N'系统管理员', 1, N'宇宙科技有限公司总部')
GO
INSERT [dbo].[UserInfo] ([UserId], [UserCode], [UserName], [LoginName], [PasswordHash], [Email], [Phone], [OrganizationId], [DepartmentId], [DepartmentName], [Position], [UserType], [Status], [LastLoginTime], [Remark], [CreateTime], [CreateUserId], [CreateUserName], [CreateOrganizationId], [CreateOrganizationName], [ModifyTime], [ModifyUserId], [ModifyUserName], [ModifyOrganizationId], [ModifyOrganizationName]) VALUES (43, N'EMP042', N'苏珊', N'sushan', N'e10adc3949ba59abbe56e057f20f883e', N'sushan@company.com', N'13800138042', 1, 5, N'市场部', N'品牌经理', 1, 1, CAST(N'2025-01-15T14:35:00.000' AS DateTime), N'品牌管理专业', CAST(N'2025-04-28T09:30:00.000' AS DateTime), 1, N'系统管理员', 1, N'宇宙科技有限公司总部', NULL, NULL, NULL, NULL, NULL)
GO
INSERT [dbo].[UserInfo] ([UserId], [UserCode], [UserName], [LoginName], [PasswordHash], [Email], [Phone], [OrganizationId], [DepartmentId], [DepartmentName], [Position], [UserType], [Status], [LastLoginTime], [Remark], [CreateTime], [CreateUserId], [CreateUserName], [CreateOrganizationId], [CreateOrganizationName], [ModifyTime], [ModifyUserId], [ModifyUserName], [ModifyOrganizationId], [ModifyOrganizationName]) VALUES (44, N'EMP043', N'魏东', N'weidong', N'e10adc3949ba59abbe56e057f20f883e', N'weidong@company.com', N'13800138043', 1, 5, N'市场部', N'市场策划专员', 1, 1, CAST(N'2025-10-30T10:40:00.000' AS DateTime), N'创意丰富', CAST(N'2025-05-01T14:20:00.000' AS DateTime), 1, N'系统管理员', 1, N'宇宙科技有限公司总部', CAST(N'2025-12-22T16:05:00.000' AS DateTime), 1, N'系统管理员', 1, N'宇宙科技有限公司总部')
GO
INSERT [dbo].[UserInfo] ([UserId], [UserCode], [UserName], [LoginName], [PasswordHash], [Email], [Phone], [OrganizationId], [DepartmentId], [DepartmentName], [Position], [UserType], [Status], [LastLoginTime], [Remark], [CreateTime], [CreateUserId], [CreateUserName], [CreateOrganizationId], [CreateOrganizationName], [ModifyTime], [ModifyUserId], [ModifyUserName], [ModifyOrganizationId], [ModifyOrganizationName]) VALUES (45, N'EMP044', N'吕娜', N'lvna', N'e10adc3949ba59abbe56e057f20f883e', N'lvna@company.com', N'13800138044', 1, 5, N'市场部', N'数字营销专员', 1, 1, CAST(N'2025-07-15T13:55:00.000' AS DateTime), N'数字营销专业', CAST(N'2025-05-04T08:40:00.000' AS DateTime), 1, N'系统管理员', 1, N'宇宙科技有限公司总部', NULL, NULL, NULL, NULL, NULL)
GO
INSERT [dbo].[UserInfo] ([UserId], [UserCode], [UserName], [LoginName], [PasswordHash], [Email], [Phone], [OrganizationId], [DepartmentId], [DepartmentName], [Position], [UserType], [Status], [LastLoginTime], [Remark], [CreateTime], [CreateUserId], [CreateUserName], [CreateOrganizationId], [CreateOrganizationName], [ModifyTime], [ModifyUserId], [ModifyUserName], [ModifyOrganizationId], [ModifyOrganizationName]) VALUES (46, N'EMP045', N'丁磊', N'dinglei', N'e10adc3949ba59abbe56e057f20f883e', N'dinglei@company.com', N'13800138045', 1, 5, N'市场部', N'公关专员', 1, 1, CAST(N'2025-03-08T15:30:00.000' AS DateTime), N'媒体关系好', CAST(N'2025-05-07T10:15:00.000' AS DateTime), 1, N'系统管理员', 1, N'宇宙科技有限公司总部', CAST(N'2025-11-05T09:25:00.000' AS DateTime), 1, N'系统管理员', 1, N'宇宙科技有限公司总部')
GO
INSERT [dbo].[UserInfo] ([UserId], [UserCode], [UserName], [LoginName], [PasswordHash], [Email], [Phone], [OrganizationId], [DepartmentId], [DepartmentName], [Position], [UserType], [Status], [LastLoginTime], [Remark], [CreateTime], [CreateUserId], [CreateUserName], [CreateOrganizationId], [CreateOrganizationName], [ModifyTime], [ModifyUserId], [ModifyUserName], [ModifyOrganizationId], [ModifyOrganizationName]) VALUES (47, N'EMP046', N'任静', N'renjing', N'e10adc3949ba59abbe56e057f20f883e', N'renjing@company.com', N'13800138046', 1, 5, N'市场部', N'活动策划专员', 1, 1, CAST(N'2025-12-12T12:20:00.000' AS DateTime), N'活动组织能力强', CAST(N'2025-05-10T13:50:00.000' AS DateTime), 1, N'系统管理员', 1, N'宇宙科技有限公司总部', NULL, NULL, NULL, NULL, NULL)
GO
INSERT [dbo].[UserInfo] ([UserId], [UserCode], [UserName], [LoginName], [PasswordHash], [Email], [Phone], [OrganizationId], [DepartmentId], [DepartmentName], [Position], [UserType], [Status], [LastLoginTime], [Remark], [CreateTime], [CreateUserId], [CreateUserName], [CreateOrganizationId], [CreateOrganizationName], [ModifyTime], [ModifyUserId], [ModifyUserName], [ModifyOrganizationId], [ModifyOrganizationName]) VALUES (48, N'EMP047', N'卢勇', N'luyong', N'e10adc3949ba59abbe56e057f20f883e', N'luyong@company.com', N'13800138047', 1, 5, N'市场部', N'市场调研专员', 1, 1, CAST(N'2025-05-25T09:10:00.000' AS DateTime), N'市场分析专业', CAST(N'2025-05-13T08:25:00.000' AS DateTime), 1, N'系统管理员', 1, N'宇宙科技有限公司总部', CAST(N'2025-10-20T14:55:00.000' AS DateTime), 1, N'系统管理员', 1, N'宇宙科技有限公司总部')
GO
INSERT [dbo].[UserInfo] ([UserId], [UserCode], [UserName], [LoginName], [PasswordHash], [Email], [Phone], [OrganizationId], [DepartmentId], [DepartmentName], [Position], [UserType], [Status], [LastLoginTime], [Remark], [CreateTime], [CreateUserId], [CreateUserName], [CreateOrganizationId], [CreateOrganizationName], [ModifyTime], [ModifyUserId], [ModifyUserName], [ModifyOrganizationId], [ModifyOrganizationName]) VALUES (49, N'EMP048', N'陆明', N'luming', N'e10adc3949ba59abbe56e057f20f883e', N'luming@company.com', N'13800138048', 1, 5, N'市场部', N'新媒体运营', 1, 1, CAST(N'2025-08-24T16:45:00.000' AS DateTime), N'新媒体运营经验丰富', CAST(N'2025-05-16T11:30:00.000' AS DateTime), 1, N'系统管理员', 1, N'宇宙科技有限公司总部', NULL, NULL, NULL, NULL, NULL)
GO
INSERT [dbo].[UserInfo] ([UserId], [UserCode], [UserName], [LoginName], [PasswordHash], [Email], [Phone], [OrganizationId], [DepartmentId], [DepartmentName], [Position], [UserType], [Status], [LastLoginTime], [Remark], [CreateTime], [CreateUserId], [CreateUserName], [CreateOrganizationId], [CreateOrganizationName], [ModifyTime], [ModifyUserId], [ModifyUserName], [ModifyOrganizationId], [ModifyOrganizationName]) VALUES (50, N'EMP049', N'姜华', N'jianghua', N'e10adc3949ba59abbe56e057f20f883e', N'jianghua@company.com', N'13800138049', 1, 5, N'市场部', N'内容策划专员', 1, 1, CAST(N'2025-02-05T14:00:00.000' AS DateTime), N'文案能力强', CAST(N'2025-05-19T14:45:00.000' AS DateTime), 1, N'系统管理员', 1, N'宇宙科技有限公司总部', CAST(N'2025-12-08T11:35:00.000' AS DateTime), 1, N'系统管理员', 1, N'宇宙科技有限公司总部')
GO
INSERT [dbo].[UserInfo] ([UserId], [UserCode], [UserName], [LoginName], [PasswordHash], [Email], [Phone], [OrganizationId], [DepartmentId], [DepartmentName], [Position], [UserType], [Status], [LastLoginTime], [Remark], [CreateTime], [CreateUserId], [CreateUserName], [CreateOrganizationId], [CreateOrganizationName], [ModifyTime], [ModifyUserId], [ModifyUserName], [ModifyOrganizationId], [ModifyOrganizationName]) VALUES (51, N'EMP050', N'崔健', N'cuijian', N'e10adc3949ba59abbe56e057f20f883e', N'cuijian@company.com', N'13800138050', 1, 5, N'市场部', N'渠道推广专员', 1, 1, CAST(N'2025-11-16T08:50:00.000' AS DateTime), N'渠道推广能力强', CAST(N'2025-05-22T09:10:00.000' AS DateTime), 1, N'系统管理员', 1, N'宇宙科技有限公司总部', NULL, NULL, NULL, NULL, NULL)
GO
INSERT [dbo].[UserInfo] ([UserId], [UserCode], [UserName], [LoginName], [PasswordHash], [Email], [Phone], [OrganizationId], [DepartmentId], [DepartmentName], [Position], [UserType], [Status], [LastLoginTime], [Remark], [CreateTime], [CreateUserId], [CreateUserName], [CreateOrganizationId], [CreateOrganizationName], [ModifyTime], [ModifyUserId], [ModifyUserName], [ModifyOrganizationId], [ModifyOrganizationName]) VALUES (52, N'EMP051', N'雷刚', N'zhongyan', N'e10adc3949ba59abbe56e057f20f883e', N'zhongyan@company.com', N'13800138051', 1, 6, N'销售一部', N'销售一部经理', 1, 1, CAST(N'2025-04-15T13:15:00.000' AS DateTime), N'团队管理能力强', CAST(N'2025-05-25T12:20:00.000' AS DateTime), 1, N'系统管理员', 1, N'宇宙科技有限公司总部', CAST(N'2025-11-28T15:30:00.000' AS DateTime), 1, N'系统管理员', 1, N'宇宙科技有限公司总部')
GO
INSERT [dbo].[UserInfo] ([UserId], [UserCode], [UserName], [LoginName], [PasswordHash], [Email], [Phone], [OrganizationId], [DepartmentId], [DepartmentName], [Position], [UserType], [Status], [LastLoginTime], [Remark], [CreateTime], [CreateUserId], [CreateUserName], [CreateOrganizationId], [CreateOrganizationName], [ModifyTime], [ModifyUserId], [ModifyUserName], [ModifyOrganizationId], [ModifyOrganizationName]) VALUES (53, N'EMP052', N'钱琳', N'tanjing', N'e10adc3949ba59abbe56e057f20f883e', N'tanjing@company.com', N'13800138052', 1, 6, N'销售一部', N'高级销售代表', 1, 1, CAST(N'2025-09-12T10:05:00.000' AS DateTime), N'业绩突出', CAST(N'2025-05-28T08:05:00.000' AS DateTime), 1, N'系统管理员', 1, N'宇宙科技有限公司总部', NULL, NULL, NULL, NULL, NULL)
GO
INSERT [dbo].[UserInfo] ([UserId], [UserCode], [UserName], [LoginName], [PasswordHash], [Email], [Phone], [OrganizationId], [DepartmentId], [DepartmentName], [Position], [UserType], [Status], [LastLoginTime], [Remark], [CreateTime], [CreateUserId], [CreateUserName], [CreateOrganizationId], [CreateOrganizationName], [ModifyTime], [ModifyUserId], [ModifyUserName], [ModifyOrganizationId], [ModifyOrganizationName]) VALUES (54, N'EMP053', N'邱峰', N'qiufeng', N'e10adc3949ba59abbe56e057f20f883e', N'qiufeng@company.com', N'13800138053', 1, 6, N'销售一部', N'销售代表', 1, 1, CAST(N'2025-06-28T15:40:00.000' AS DateTime), N'销售技巧好', CAST(N'2025-05-31T10:50:00.000' AS DateTime), 1, N'系统管理员', 1, N'宇宙科技有限公司总部', CAST(N'2025-12-28T14:25:00.000' AS DateTime), 1, N'系统管理员', 1, N'宇宙科技有限公司总部')
GO
INSERT [dbo].[UserInfo] ([UserId], [UserCode], [UserName], [LoginName], [PasswordHash], [Email], [Phone], [OrganizationId], [DepartmentId], [DepartmentName], [Position], [UserType], [Status], [LastLoginTime], [Remark], [CreateTime], [CreateUserId], [CreateUserName], [CreateOrganizationId], [CreateOrganizationName], [ModifyTime], [ModifyUserId], [ModifyUserName], [ModifyOrganizationId], [ModifyOrganizationName]) VALUES (55, N'EMP054', N'邵华', N'shaohua', N'e10adc3949ba59abbe56e057f20f883e', N'shaohua@company.com', N'13800138054', 1, 6, N'销售一部', N'销售专员', 1, 1, CAST(N'2025-01-08T11:55:00.000' AS DateTime), N'学习能力强', CAST(N'2025-06-03T13:35:00.000' AS DateTime), 1, N'系统管理员', 1, N'宇宙科技有限公司总部', NULL, NULL, NULL, NULL, NULL)
GO
INSERT [dbo].[UserInfo] ([UserId], [UserCode], [UserName], [LoginName], [PasswordHash], [Email], [Phone], [OrganizationId], [DepartmentId], [DepartmentName], [Position], [UserType], [Status], [LastLoginTime], [Remark], [CreateTime], [CreateUserId], [CreateUserName], [CreateOrganizationId], [CreateOrganizationName], [ModifyTime], [ModifyUserId], [ModifyUserName], [ModifyOrganizationId], [ModifyOrganizationName]) VALUES (56, N'EMP055', N'孟伟', N'mengwei', N'e10adc3949ba59abbe56e057f20f883e', N'mengwei@company.com', N'13800138055', 1, 6, N'销售一部', N'销售顾问', 1, 1, CAST(N'2025-10-18T16:20:00.000' AS DateTime), N'客户服务好', CAST(N'2025-06-06T09:45:00.000' AS DateTime), 1, N'系统管理员', 1, N'宇宙科技有限公司总部', CAST(N'2025-12-20T10:40:00.000' AS DateTime), 1, N'系统管理员', 1, N'宇宙科技有限公司总部')
GO
INSERT [dbo].[UserInfo] ([UserId], [UserCode], [UserName], [LoginName], [PasswordHash], [Email], [Phone], [OrganizationId], [DepartmentId], [DepartmentName], [Position], [UserType], [Status], [LastLoginTime], [Remark], [CreateTime], [CreateUserId], [CreateUserName], [CreateOrganizationId], [CreateOrganizationName], [ModifyTime], [ModifyUserId], [ModifyUserName], [ModifyOrganizationId], [ModifyOrganizationName]) VALUES (57, N'EMP056', N'龙梅', N'longmei', N'e10adc3949ba59abbe56e057f20f883e', N'longmei@company.com', N'13800138056', 1, 6, N'销售一部', N'销售助理', 1, 1, CAST(N'2025-03-22T12:30:00.000' AS DateTime), N'工作细致', CAST(N'2025-06-09T14:15:00.000' AS DateTime), 1, N'系统管理员', 1, N'宇宙科技有限公司总部', NULL, NULL, NULL, NULL, NULL)
GO
INSERT [dbo].[UserInfo] ([UserId], [UserCode], [UserName], [LoginName], [PasswordHash], [Email], [Phone], [OrganizationId], [DepartmentId], [DepartmentName], [Position], [UserType], [Status], [LastLoginTime], [Remark], [CreateTime], [CreateUserId], [CreateUserName], [CreateOrganizationId], [CreateOrganizationName], [ModifyTime], [ModifyUserId], [ModifyUserName], [ModifyOrganizationId], [ModifyOrganizationName]) VALUES (58, N'EMP057', N'万军', N'wanjun', N'e10adc3949ba59abbe56e057f20f883e', N'wanjun@company.com', N'13800138057', 1, 6, N'销售一部', N'大客户专员', 1, 1, CAST(N'2025-07-30T09:00:00.000' AS DateTime), N'大客户维护好', CAST(N'2025-06-12T08:30:00.000' AS DateTime), 1, N'系统管理员', 1, N'宇宙科技有限公司总部', CAST(N'2025-11-15T13:45:00.000' AS DateTime), 1, N'系统管理员', 1, N'宇宙科技有限公司总部')
GO
INSERT [dbo].[UserInfo] ([UserId], [UserCode], [UserName], [LoginName], [PasswordHash], [Email], [Phone], [OrganizationId], [DepartmentId], [DepartmentName], [Position], [UserType], [Status], [LastLoginTime], [Remark], [CreateTime], [CreateUserId], [CreateUserName], [CreateOrganizationId], [CreateOrganizationName], [ModifyTime], [ModifyUserId], [ModifyUserName], [ModifyOrganizationId], [ModifyOrganizationName]) VALUES (59, N'EMP058', N'段娜', N'duanna', N'e10adc3949ba59abbe56e057f20f883e', N'duanna@company.com', N'13800138058', 1, 6, N'销售一部', N'销售代表', 1, 1, CAST(N'2025-12-02T14:50:00.000' AS DateTime), N'沟通能力强', CAST(N'2025-06-15T11:10:00.000' AS DateTime), 1, N'系统管理员', 1, N'宇宙科技有限公司总部', NULL, NULL, NULL, NULL, NULL)
GO
INSERT [dbo].[UserInfo] ([UserId], [UserCode], [UserName], [LoginName], [PasswordHash], [Email], [Phone], [OrganizationId], [DepartmentId], [DepartmentName], [Position], [UserType], [Status], [LastLoginTime], [Remark], [CreateTime], [CreateUserId], [CreateUserName], [CreateOrganizationId], [CreateOrganizationName], [ModifyTime], [ModifyUserId], [ModifyUserName], [ModifyOrganizationId], [ModifyOrganizationName]) VALUES (60, N'EMP059', N'雷刚', N'leigang', N'e10adc3949ba59abbe56e057f20f883e', N'leigang@company.com', N'13800138059', 1, 6, N'销售一部', N'销售专员', 1, 1, CAST(N'2025-04-08T10:25:00.000' AS DateTime), N'积极进取', CAST(N'2025-06-18T15:20:00.000' AS DateTime), 1, N'系统管理员', 1, N'宇宙科技有限公司总部', CAST(N'2025-10-15T16:15:00.000' AS DateTime), 1, N'系统管理员', 1, N'宇宙科技有限公司总部')
GO
INSERT [dbo].[UserInfo] ([UserId], [UserCode], [UserName], [LoginName], [PasswordHash], [Email], [Phone], [OrganizationId], [DepartmentId], [DepartmentName], [Position], [UserType], [Status], [LastLoginTime], [Remark], [CreateTime], [CreateUserId], [CreateUserName], [CreateOrganizationId], [CreateOrganizationName], [ModifyTime], [ModifyUserId], [ModifyUserName], [ModifyOrganizationId], [ModifyOrganizationName]) VALUES (61, N'EMP060', N'钱琳', N'qianlin', N'e10adc3949ba59abbe56e057f20f883e', N'qianlin@company.com', N'13800138060', 1, 6, N'销售一部', N'销售代表', 1, 1, CAST(N'2025-08-28T13:40:00.000' AS DateTime), N'销售技巧熟练', CAST(N'2025-06-21T09:05:00.000' AS DateTime), 1, N'系统管理员', 1, N'宇宙科技有限公司总部', NULL, NULL, NULL, NULL, NULL)
GO
INSERT [dbo].[UserInfo] ([UserId], [UserCode], [UserName], [LoginName], [PasswordHash], [Email], [Phone], [OrganizationId], [DepartmentId], [DepartmentName], [Position], [UserType], [Status], [LastLoginTime], [Remark], [CreateTime], [CreateUserId], [CreateUserName], [CreateOrganizationId], [CreateOrganizationName], [ModifyTime], [ModifyUserId], [ModifyUserName], [ModifyOrganizationId], [ModifyOrganizationName]) VALUES (62, N'EMP061', N'常勇', N'changyong', N'e10adc3949ba59abbe56e057f20f883e', N'changyong@company.com', N'13800138061', 1, 7, N'销售二部', N'销售二部经理', 1, 1, CAST(N'2025-05-06T16:05:00.000' AS DateTime), N'团队管理经验丰富', CAST(N'2025-06-24T12:30:00.000' AS DateTime), 1, N'系统管理员', 1, N'宇宙科技有限公司总部', CAST(N'2025-12-14T08:55:00.000' AS DateTime), 1, N'系统管理员', 1, N'宇宙科技有限公司总部')
GO
INSERT [dbo].[UserInfo] ([UserId], [UserCode], [UserName], [LoginName], [PasswordHash], [Email], [Phone], [OrganizationId], [DepartmentId], [DepartmentName], [Position], [UserType], [Status], [LastLoginTime], [Remark], [CreateTime], [CreateUserId], [CreateUserName], [CreateOrganizationId], [CreateOrganizationName], [ModifyTime], [ModifyUserId], [ModifyUserName], [ModifyOrganizationId], [ModifyOrganizationName]) VALUES (63, N'EMP062', N'武静', N'wujing', N'e10adc3949ba59abbe56e057f20f883e', N'wujing@company.com', N'13800138062', 1, 7, N'销售二部', N'高级销售代表', 1, 1, CAST(N'2025-09-20T11:15:00.000' AS DateTime), N'业绩优秀', CAST(N'2025-06-27T08:40:00.000' AS DateTime), 1, N'系统管理员', 1, N'宇宙科技有限公司总部', NULL, NULL, NULL, NULL, NULL)
GO
INSERT [dbo].[UserInfo] ([UserId], [UserCode], [UserName], [LoginName], [PasswordHash], [Email], [Phone], [OrganizationId], [DepartmentId], [DepartmentName], [Position], [UserType], [Status], [LastLoginTime], [Remark], [CreateTime], [CreateUserId], [CreateUserName], [CreateOrganizationId], [CreateOrganizationName], [ModifyTime], [ModifyUserId], [ModifyUserName], [ModifyOrganizationId], [ModifyOrganizationName]) VALUES (64, N'EMP063', N'刘刚', N'liugang', N'e10adc3949ba59abbe56e057f20f883e', N'liugang@company.com', N'13800138063', 1, 7, N'销售二部', N'销售代表', 1, 1, CAST(N'2025-02-12T14:30:00.000' AS DateTime), N'勤奋努力', CAST(N'2025-06-30T10:55:00.000' AS DateTime), 1, N'系统管理员', 1, N'宇宙科技有限公司总部', CAST(N'2025-07-28T13:20:00.000' AS DateTime), 1, N'系统管理员', 1, N'宇宙科技有限公司总部')
GO
INSERT [dbo].[UserInfo] ([UserId], [UserCode], [UserName], [LoginName], [PasswordHash], [Email], [Phone], [OrganizationId], [DepartmentId], [DepartmentName], [Position], [UserType], [Status], [LastLoginTime], [Remark], [CreateTime], [CreateUserId], [CreateUserName], [CreateOrganizationId], [CreateOrganizationName], [ModifyTime], [ModifyUserId], [ModifyUserName], [ModifyOrganizationId], [ModifyOrganizationName]) VALUES (65, N'EMP064', N'林燕', N'linyan', N'e10adc3949ba59abbe56e057f20f883e', N'linyan@company.com', N'13800138064', 1, 7, N'销售二部', N'销售专员', 1, 1, CAST(N'2025-11-04T09:45:00.000' AS DateTime), N'学习能力强', CAST(N'2025-07-03T14:10:00.000' AS DateTime), 1, N'系统管理员', 1, N'宇宙科技有限公司总部', NULL, NULL, NULL, NULL, NULL)
GO
INSERT [dbo].[UserInfo] ([UserId], [UserCode], [UserName], [LoginName], [PasswordHash], [Email], [Phone], [OrganizationId], [DepartmentId], [DepartmentName], [Position], [UserType], [Status], [LastLoginTime], [Remark], [CreateTime], [CreateUserId], [CreateUserName], [CreateOrganizationId], [CreateOrganizationName], [ModifyTime], [ModifyUserId], [ModifyUserName], [ModifyOrganizationId], [ModifyOrganizationName]) VALUES (66, N'EMP065', N'徐伟', N'xuwei', N'e10adc3949ba59abbe56e057f20f883e', N'xuwei@company.com', N'13800138065', 1, 7, N'销售二部', N'销售顾问', 1, 1, CAST(N'2025-07-08T12:20:00.000' AS DateTime), N'客户关系好', CAST(N'2025-07-06T09:25:00.000' AS DateTime), 1, N'系统管理员', 1, N'宇宙科技有限公司总部', CAST(N'2025-12-30T15:50:00.000' AS DateTime), 1, N'系统管理员', 1, N'宇宙科技有限公司总部')
GO
INSERT [dbo].[UserInfo] ([UserId], [UserCode], [UserName], [LoginName], [PasswordHash], [Email], [Phone], [OrganizationId], [DepartmentId], [DepartmentName], [Position], [UserType], [Status], [LastLoginTime], [Remark], [CreateTime], [CreateUserId], [CreateUserName], [CreateOrganizationId], [CreateOrganizationName], [ModifyTime], [ModifyUserId], [ModifyUserName], [ModifyOrganizationId], [ModifyOrganizationName]) VALUES (67, N'EMP066', N'朱莉', N'zhuli', N'e10adc3949ba59abbe56e057f20f883e', N'zhuli@company.com', N'13800138066', 1, 7, N'销售二部', N'销售助理', 1, 1, CAST(N'2025-03-18T15:35:00.000' AS DateTime), N'工作细致', CAST(N'2025-07-09T11:40:00.000' AS DateTime), 1, N'系统管理员', 1, N'宇宙科技有限公司总部', NULL, NULL, NULL, NULL, NULL)
GO
INSERT [dbo].[UserInfo] ([UserId], [UserCode], [UserName], [LoginName], [PasswordHash], [Email], [Phone], [OrganizationId], [DepartmentId], [DepartmentName], [Position], [UserType], [Status], [LastLoginTime], [Remark], [CreateTime], [CreateUserId], [CreateUserName], [CreateOrganizationId], [CreateOrganizationName], [ModifyTime], [ModifyUserId], [ModifyUserName], [ModifyOrganizationId], [ModifyOrganizationName]) VALUES (68, N'EMP067', N'何强', N'heqiang', N'e10adc3949ba59abbe56e057f20f883e', N'heqiang@company.com', N'13800138067', 1, 7, N'销售二部', N'大客户经理', 1, 1, CAST(N'2025-10-26T08:10:00.000' AS DateTime), N'大客户开发能力强', CAST(N'2025-07-12T13:15:00.000' AS DateTime), 1, N'系统管理员', 1, N'宇宙科技有限公司总部', CAST(N'2025-11-22T10:05:00.000' AS DateTime), 1, N'系统管理员', 1, N'宇宙科技有限公司总部')
GO
INSERT [dbo].[UserInfo] ([UserId], [UserCode], [UserName], [LoginName], [PasswordHash], [Email], [Phone], [OrganizationId], [DepartmentId], [DepartmentName], [Position], [UserType], [Status], [LastLoginTime], [Remark], [CreateTime], [CreateUserId], [CreateUserName], [CreateOrganizationId], [CreateOrganizationName], [ModifyTime], [ModifyUserId], [ModifyUserName], [ModifyOrganizationId], [ModifyOrganizationName]) VALUES (69, N'EMP068', N'高婷', N'gaoting', N'e10adc3949ba59abbe56e057f20f883e', N'gaoting@company.com', N'13800138068', 1, 7, N'销售二部', N'渠道专员', 1, 1, CAST(N'2025-05-20T16:55:00.000' AS DateTime), N'渠道拓展能力强', CAST(N'2025-07-15T08:20:00.000' AS DateTime), 1, N'系统管理员', 1, N'宇宙科技有限公司总部', NULL, NULL, NULL, NULL, NULL)
GO
INSERT [dbo].[UserInfo] ([UserId], [UserCode], [UserName], [LoginName], [PasswordHash], [Email], [Phone], [OrganizationId], [DepartmentId], [DepartmentName], [Position], [UserType], [Status], [LastLoginTime], [Remark], [CreateTime], [CreateUserId], [CreateUserName], [CreateOrganizationId], [CreateOrganizationName], [ModifyTime], [ModifyUserId], [ModifyUserName], [ModifyOrganizationId], [ModifyOrganizationName]) VALUES (70, N'EMP069', N'傅明', N'fuming', N'e10adc3949ba59abbe56e057f20f883e', N'fuming@company.com', N'13800138069', 1, 7, N'销售二部', N'销售代表', 1, 1, CAST(N'2025-12-28T11:30:00.000' AS DateTime), N'销售技巧熟练', CAST(N'2025-07-18T10:45:00.000' AS DateTime), 1, N'系统管理员', 1, N'宇宙科技有限公司总部', CAST(N'2025-12-31T14:15:00.000' AS DateTime), 1, N'系统管理员', 1, N'宇宙科技有限公司总部')
GO
INSERT [dbo].[UserInfo] ([UserId], [UserCode], [UserName], [LoginName], [PasswordHash], [Email], [Phone], [OrganizationId], [DepartmentId], [DepartmentName], [Position], [UserType], [Status], [LastLoginTime], [Remark], [CreateTime], [CreateUserId], [CreateUserName], [CreateOrganizationId], [CreateOrganizationName], [ModifyTime], [ModifyUserId], [ModifyUserName], [ModifyOrganizationId], [ModifyOrganizationName]) VALUES (71, N'EMP070', N'方华', N'fanghua', N'e10adc3949ba59abbe56e057f20f883e', N'fanghua@company.com', N'13800138070', 1, 7, N'销售二部', N'销售专员', 1, 1, CAST(N'2025-08-02T14:05:00.000' AS DateTime), N'积极上进', CAST(N'2025-07-21T15:30:00.000' AS DateTime), 1, N'系统管理员', 1, N'宇宙科技有限公司总部', NULL, NULL, NULL, NULL, NULL)
GO
INSERT [dbo].[UserInfo] ([UserId], [UserCode], [UserName], [LoginName], [PasswordHash], [Email], [Phone], [OrganizationId], [DepartmentId], [DepartmentName], [Position], [UserType], [Status], [LastLoginTime], [Remark], [CreateTime], [CreateUserId], [CreateUserName], [CreateOrganizationId], [CreateOrganizationName], [ModifyTime], [ModifyUserId], [ModifyUserName], [ModifyOrganizationId], [ModifyOrganizationName]) VALUES (72, N'EMP071', N'石磊', N'shilei', N'e10adc3949ba59abbe56e057f20f883e', N'shilei@company.com', N'13800138071', 1, 2, N'技术部', N'云架构师', 2, 1, CAST(N'2025-04-24T09:20:00.000' AS DateTime), N'云技术专家', CAST(N'2025-07-24T09:55:00.000' AS DateTime), 1, N'系统管理员', 1, N'宇宙科技有限公司总部', CAST(N'2025-11-10T12:40:00.000' AS DateTime), 1, N'系统管理员', 1, N'宇宙科技有限公司总部')
GO
INSERT [dbo].[UserInfo] ([UserId], [UserCode], [UserName], [LoginName], [PasswordHash], [Email], [Phone], [OrganizationId], [DepartmentId], [DepartmentName], [Position], [UserType], [Status], [LastLoginTime], [Remark], [CreateTime], [CreateUserId], [CreateUserName], [CreateOrganizationId], [CreateOrganizationName], [ModifyTime], [ModifyUserId], [ModifyUserName], [ModifyOrganizationId], [ModifyOrganizationName]) VALUES (73, N'EMP072', N'姚静', N'yaojing', N'e10adc3949ba59abbe56e057f20f883e', N'yaojing@company.com', N'13800138072', 1, 2, N'技术部', N'安全工程师', 2, 1, CAST(N'2025-09-14T13:50:00.000' AS DateTime), N'网络安全专家', CAST(N'2025-07-27T12:25:00.000' AS DateTime), 1, N'系统管理员', 1, N'宇宙科技有限公司总部', NULL, NULL, NULL, NULL, NULL)
GO
INSERT [dbo].[UserInfo] ([UserId], [UserCode], [UserName], [LoginName], [PasswordHash], [Email], [Phone], [OrganizationId], [DepartmentId], [DepartmentName], [Position], [UserType], [Status], [LastLoginTime], [Remark], [CreateTime], [CreateUserId], [CreateUserName], [CreateOrganizationId], [CreateOrganizationName], [ModifyTime], [ModifyUserId], [ModifyUserName], [ModifyOrganizationId], [ModifyOrganizationName]) VALUES (74, N'EMP073', N'廖军', N'liaojun', N'e10adc3949ba59abbe56e057f20f883e', N'liaojun@company.com', N'13800138073', 1, 2, N'技术部', N'全栈工程师', 2, 1, CAST(N'2025-06-10T16:25:00.000' AS DateTime), N'全栈开发能力', CAST(N'2025-07-30T08:50:00.000' AS DateTime), 1, N'系统管理员', 1, N'宇宙科技有限公司总部', CAST(N'2025-12-12T11:10:00.000' AS DateTime), 1, N'系统管理员', 1, N'宇宙科技有限公司总部')
GO
INSERT [dbo].[UserInfo] ([UserId], [UserCode], [UserName], [LoginName], [PasswordHash], [Email], [Phone], [OrganizationId], [DepartmentId], [DepartmentName], [Position], [UserType], [Status], [LastLoginTime], [Remark], [CreateTime], [CreateUserId], [CreateUserName], [CreateOrganizationId], [CreateOrganizationName], [ModifyTime], [ModifyUserId], [ModifyUserName], [ModifyOrganizationId], [ModifyOrganizationName]) VALUES (75, N'EMP074', N'江燕', N'jiangyan', N'e10adc3949ba59abbe56e057f20f883e', N'jiangyan@company.com', N'13800138074', 1, 2, N'技术部', N'测试开发工程师', 2, 1, CAST(N'2025-01-22T10:40:00.000' AS DateTime), N'测试开发经验丰富', CAST(N'2025-08-02T14:35:00.000' AS DateTime), 1, N'系统管理员', 1, N'宇宙科技有限公司总部', NULL, NULL, NULL, NULL, NULL)
GO
INSERT [dbo].[UserInfo] ([UserId], [UserCode], [UserName], [LoginName], [PasswordHash], [Email], [Phone], [OrganizationId], [DepartmentId], [DepartmentName], [Position], [UserType], [Status], [LastLoginTime], [Remark], [CreateTime], [CreateUserId], [CreateUserName], [CreateOrganizationId], [CreateOrganizationName], [ModifyTime], [ModifyUserId], [ModifyUserName], [ModifyOrganizationId], [ModifyOrganizationName]) VALUES (76, N'EMP075', N'颜伟', N'yanwei', N'e10adc3949ba59abbe56e057f20f883e', N'yanwei@company.com', N'13800138075', 1, 3, N'财务部', N'财务信息化专员', 3, 1, CAST(N'2025-10-14T15:15:00.000' AS DateTime), N'财务系统管理', CAST(N'2025-08-05T10:00:00.000' AS DateTime), 1, N'系统管理员', 1, N'宇宙科技有限公司总部', CAST(N'2025-12-24T09:30:00.000' AS DateTime), 1, N'系统管理员', 1, N'宇宙科技有限公司总部')
GO
INSERT [dbo].[UserInfo] ([UserId], [UserCode], [UserName], [LoginName], [PasswordHash], [Email], [Phone], [OrganizationId], [DepartmentId], [DepartmentName], [Position], [UserType], [Status], [LastLoginTime], [Remark], [CreateTime], [CreateUserId], [CreateUserName], [CreateOrganizationId], [CreateOrganizationName], [ModifyTime], [ModifyUserId], [ModifyUserName], [ModifyOrganizationId], [ModifyOrganizationName]) VALUES (77, N'EMP076', N'金莉', N'jinli', N'e10adc3949ba59abbe56e057f20f883e', N'jinli@company.com', N'13800138076', 1, 3, N'财务部', N'总账会计', 3, 1, CAST(N'2025-03-30T12:00:00.000' AS DateTime), N'总账处理专业', CAST(N'2025-08-08T13:45:00.000' AS DateTime), 1, N'系统管理员', 1, N'宇宙科技有限公司总部', NULL, NULL, NULL, NULL, NULL)
GO
INSERT [dbo].[UserInfo] ([UserId], [UserCode], [UserName], [LoginName], [PasswordHash], [Email], [Phone], [OrganizationId], [DepartmentId], [DepartmentName], [Position], [UserType], [Status], [LastLoginTime], [Remark], [CreateTime], [CreateUserId], [CreateUserName], [CreateOrganizationId], [CreateOrganizationName], [ModifyTime], [ModifyUserId], [ModifyUserName], [ModifyOrganizationId], [ModifyOrganizationName]) VALUES (78, N'EMP077', N'魏刚', N'weigang', N'e10adc3949ba59abbe56e057f20f883e', N'weigang@company.com', N'13800138077', 1, 4, N'人事行政部', N'法务专员', 4, 1, CAST(N'2025-11-26T08:35:00.000' AS DateTime), N'法律专业背景', CAST(N'2025-08-11T09:10:00.000' AS DateTime), 1, N'系统管理员', 1, N'宇宙科技有限公司总部', CAST(N'2025-12-27T16:20:00.000' AS DateTime), 1, N'系统管理员', 1, N'宇宙科技有限公司总部')
GO
INSERT [dbo].[UserInfo] ([UserId], [UserCode], [UserName], [LoginName], [PasswordHash], [Email], [Phone], [OrganizationId], [DepartmentId], [DepartmentName], [Position], [UserType], [Status], [LastLoginTime], [Remark], [CreateTime], [CreateUserId], [CreateUserName], [CreateOrganizationId], [CreateOrganizationName], [ModifyTime], [ModifyUserId], [ModifyUserName], [ModifyOrganizationId], [ModifyOrganizationName]) VALUES (79, N'EMP078', N'陶静', N'taojing', N'e10adc3949ba59abbe56e057f20f883e', N'taojing@company.com', N'13800138078', 1, 5, N'市场部', N'SEO优化专员', 1, 1, CAST(N'2025-07-18T14:55:00.000' AS DateTime), N'SEO优化经验丰富', CAST(N'2025-08-14T11:25:00.000' AS DateTime), 1, N'系统管理员', 1, N'宇宙科技有限公司总部', NULL, NULL, NULL, NULL, NULL)
GO
INSERT [dbo].[UserInfo] ([UserId], [UserCode], [UserName], [LoginName], [PasswordHash], [Email], [Phone], [OrganizationId], [DepartmentId], [DepartmentName], [Position], [UserType], [Status], [LastLoginTime], [Remark], [CreateTime], [CreateUserId], [CreateUserName], [CreateOrganizationId], [CreateOrganizationName], [ModifyTime], [ModifyUserId], [ModifyUserName], [ModifyOrganizationId], [ModifyOrganizationName]) VALUES (80, N'EMP079', N'黎伟', N'liweii', N'e10adc3949ba59abbe56e057f20f883e', N'liweii@company.com', N'13800138079', 1, 6, N'销售一部', N'销售代表', 1, 1, CAST(N'2025-12-08T10:10:00.000' AS DateTime), N'新人培养中', CAST(N'2025-08-17T15:40:00.000' AS DateTime), 1, N'系统管理员', 1, N'宇宙科技有限公司总部', CAST(N'2025-12-29T13:55:00.000' AS DateTime), 1, N'系统管理员', 1, N'宇宙科技有限公司总部')
GO
INSERT [dbo].[UserInfo] ([UserId], [UserCode], [UserName], [LoginName], [PasswordHash], [Email], [Phone], [OrganizationId], [DepartmentId], [DepartmentName], [Position], [UserType], [Status], [LastLoginTime], [Remark], [CreateTime], [CreateUserId], [CreateUserName], [CreateOrganizationId], [CreateOrganizationName], [ModifyTime], [ModifyUserId], [ModifyUserName], [ModifyOrganizationId], [ModifyOrganizationName]) VALUES (81, N'EMP080', N'史莉', N'shili', N'e10adc3949ba59abbe56e057f20f883e', N'shili@company.com', N'13800138080', 1, 7, N'销售二部', N'销售专员', 1, 1, CAST(N'2025-05-16T16:30:00.000' AS DateTime), N'工作积极', CAST(N'2025-08-20T08:15:00.000' AS DateTime), 1, N'系统管理员', 1, N'宇宙科技有限公司总部', NULL, NULL, NULL, NULL, NULL)
GO
INSERT [dbo].[UserInfo] ([UserId], [UserCode], [UserName], [LoginName], [PasswordHash], [Email], [Phone], [OrganizationId], [DepartmentId], [DepartmentName], [Position], [UserType], [Status], [LastLoginTime], [Remark], [CreateTime], [CreateUserId], [CreateUserName], [CreateOrganizationId], [CreateOrganizationName], [ModifyTime], [ModifyUserId], [ModifyUserName], [ModifyOrganizationId], [ModifyOrganizationName]) VALUES (82, N'EMP081', N'顾峰', N'gufeng', N'e10adc3949ba59abbe56e057f20f883e', N'gufeng@company.com', N'13800138081', 1, 2, N'技术部', N'DevOps工程师', 2, 1, CAST(N'2025-09-08T11:45:00.000' AS DateTime), N'DevOps实践经验', CAST(N'2025-08-23T12:50:00.000' AS DateTime), 1, N'系统管理员', 1, N'宇宙科技有限公司总部', CAST(N'2025-12-02T14:05:00.000' AS DateTime), 1, N'系统管理员', 1, N'宇宙科技有限公司总部')
GO
INSERT [dbo].[UserInfo] ([UserId], [UserCode], [UserName], [LoginName], [PasswordHash], [Email], [Phone], [OrganizationId], [DepartmentId], [DepartmentName], [Position], [UserType], [Status], [LastLoginTime], [Remark], [CreateTime], [CreateUserId], [CreateUserName], [CreateOrganizationId], [CreateOrganizationName], [ModifyTime], [ModifyUserId], [ModifyUserName], [ModifyOrganizationId], [ModifyOrganizationName]) VALUES (83, N'EMP082', N'侯燕', N'houyan', N'e10adc3949ba59abbe56e057f20f883e', N'houyan@company.com', N'13800138082', 1, 3, N'财务部', N'资金专员', 3, 1, CAST(N'2025-04-06T13:00:00.000' AS DateTime), N'资金管理专业', CAST(N'2025-08-26T09:35:00.000' AS DateTime), 1, N'系统管理员', 1, N'宇宙科技有限公司总部', NULL, NULL, NULL, NULL, NULL)
GO
INSERT [dbo].[UserInfo] ([UserId], [UserCode], [UserName], [LoginName], [PasswordHash], [Email], [Phone], [OrganizationId], [DepartmentId], [DepartmentName], [Position], [UserType], [Status], [LastLoginTime], [Remark], [CreateTime], [CreateUserId], [CreateUserName], [CreateOrganizationId], [CreateOrganizationName], [ModifyTime], [ModifyUserId], [ModifyUserName], [ModifyOrganizationId], [ModifyOrganizationName]) VALUES (84, N'EMP083', N'邵明', N'shaoming', N'e10adc3949ba59abbe56e057f20f883e', N'shaoming@company.com', N'13800138083', 1, 4, N'人事行政部', N'企业文化专员', 4, 1, CAST(N'2025-01-20T15:25:00.000' AS DateTime), N'企业文化策划', CAST(N'2025-08-29T14:20:00.000' AS DateTime), 1, N'系统管理员', 1, N'宇宙科技有限公司总部', CAST(N'2025-09-01T10:30:00.000' AS DateTime), 1, N'系统管理员', 1, N'宇宙科技有限公司总部')
GO
INSERT [dbo].[UserInfo] ([UserId], [UserCode], [UserName], [LoginName], [PasswordHash], [Email], [Phone], [OrganizationId], [DepartmentId], [DepartmentName], [Position], [UserType], [Status], [LastLoginTime], [Remark], [CreateTime], [CreateUserId], [CreateUserName], [CreateOrganizationId], [CreateOrganizationName], [ModifyTime], [ModifyUserId], [ModifyUserName], [ModifyOrganizationId], [ModifyOrganizationName]) VALUES (85, N'EMP084', N'孟娜', N'mengna', N'e10adc3949ba59abbe56e057f20f883e', N'mengna@company.com', N'13800138084', 1, 5, N'市场部', N'SEM专员', 1, 1, CAST(N'2025-10-30T08:50:00.000' AS DateTime), N'SEM投放经验', CAST(N'2025-09-01T10:05:00.000' AS DateTime), 1, N'系统管理员', 1, N'宇宙科技有限公司总部', NULL, NULL, NULL, NULL, NULL)
GO
INSERT [dbo].[UserInfo] ([UserId], [UserCode], [UserName], [LoginName], [PasswordHash], [Email], [Phone], [OrganizationId], [DepartmentId], [DepartmentName], [Position], [UserType], [Status], [LastLoginTime], [Remark], [CreateTime], [CreateUserId], [CreateUserName], [CreateOrganizationId], [CreateOrganizationName], [ModifyTime], [ModifyUserId], [ModifyUserName], [ModifyOrganizationId], [ModifyOrganizationName]) VALUES (86, N'EMP085', N'龙翔', N'longxiang', N'e10adc3949ba59abbe56e057f20f883e', N'longxiang@company.com', N'13800138085', 1, 6, N'销售一部', N'销售代表', 1, 1, CAST(N'2025-08-12T12:15:00.000' AS DateTime), N'工作努力', CAST(N'2025-09-04T13:30:00.000' AS DateTime), 1, N'系统管理员', 1, N'宇宙科技有限公司总部', CAST(N'2025-12-23T15:45:00.000' AS DateTime), 1, N'系统管理员', 1, N'宇宙科技有限公司总部')
GO
INSERT [dbo].[UserInfo] ([UserId], [UserCode], [UserName], [LoginName], [PasswordHash], [Email], [Phone], [OrganizationId], [DepartmentId], [DepartmentName], [Position], [UserType], [Status], [LastLoginTime], [Remark], [CreateTime], [CreateUserId], [CreateUserName], [CreateOrganizationId], [CreateOrganizationName], [ModifyTime], [ModifyUserId], [ModifyUserName], [ModifyOrganizationId], [ModifyOrganizationName]) VALUES (87, N'EMP086', N'万婷', N'wanting', N'e10adc3949ba59abbe56e057f20f883e', N'wanting@company.com', N'13800138086', 1, 7, N'销售二部', N'销售专员', 1, 1, CAST(N'2025-03-05T14:40:00.000' AS DateTime), N'新人进步快', CAST(N'2025-09-07T08:55:00.000' AS DateTime), 1, N'系统管理员', 1, N'宇宙科技有限公司总部', NULL, NULL, NULL, NULL, NULL)
GO
INSERT [dbo].[UserInfo] ([UserId], [UserCode], [UserName], [LoginName], [PasswordHash], [Email], [Phone], [OrganizationId], [DepartmentId], [DepartmentName], [Position], [UserType], [Status], [LastLoginTime], [Remark], [CreateTime], [CreateUserId], [CreateUserName], [CreateOrganizationId], [CreateOrganizationName], [ModifyTime], [ModifyUserId], [ModifyUserName], [ModifyOrganizationId], [ModifyOrganizationName]) VALUES (88, N'EMP087', N'段华', N'duanhua', N'e10adc3949ba59abbe56e057f20f883e', N'duanhua@company.com', N'13800138087', 1, 1, N'销售部', N'销售培训主管', 1, 1, CAST(N'2025-11-18T09:05:00.000' AS DateTime), N'培训经验丰富', CAST(N'2025-09-10T11:40:00.000' AS DateTime), 1, N'系统管理员', 1, N'宇宙科技有限公司总部', CAST(N'2025-12-16T12:25:00.000' AS DateTime), 1, N'系统管理员', 1, N'宇宙科技有限公司总部')
GO
INSERT [dbo].[UserInfo] ([UserId], [UserCode], [UserName], [LoginName], [PasswordHash], [Email], [Phone], [OrganizationId], [DepartmentId], [DepartmentName], [Position], [UserType], [Status], [LastLoginTime], [Remark], [CreateTime], [CreateUserId], [CreateUserName], [CreateOrganizationId], [CreateOrganizationName], [ModifyTime], [ModifyUserId], [ModifyUserName], [ModifyOrganizationId], [ModifyOrganizationName]) VALUES (89, N'EMP088', N'雷静', N'leijing', N'e10adc3949ba59abbe56e057f20f883e', N'leijing@company.com', N'13800138088', 1, 2, N'技术部', N'项目经理', 2, 1, CAST(N'2025-06-24T16:50:00.000' AS DateTime), N'项目管理经验丰富', CAST(N'2025-09-13T14:15:00.000' AS DateTime), 1, N'系统管理员', 1, N'宇宙科技有限公司总部', NULL, NULL, NULL, NULL, NULL)
GO
INSERT [dbo].[UserInfo] ([UserId], [UserCode], [UserName], [LoginName], [PasswordHash], [Email], [Phone], [OrganizationId], [DepartmentId], [DepartmentName], [Position], [UserType], [Status], [LastLoginTime], [Remark], [CreateTime], [CreateUserId], [CreateUserName], [CreateOrganizationId], [CreateOrganizationName], [ModifyTime], [ModifyUserId], [ModifyUserName], [ModifyOrganizationId], [ModifyOrganizationName]) VALUES (90, N'EMP089', N'钱伟', N'qianwei', N'e10adc3949ba59abbe56e057f20f883e', N'qianwei@company.com', N'13800138089', 1, 3, N'财务部', N'财务主管', 3, 1, CAST(N'2025-12-14T11:20:00.000' AS DateTime), N'财务管理能力', CAST(N'2025-09-16T09:45:00.000' AS DateTime), 1, N'系统管理员', 1, N'宇宙科技有限公司总部', CAST(N'2025-12-31T10:00:00.000' AS DateTime), 1, N'系统管理员', 1, N'宇宙科技有限公司总部')
GO
INSERT [dbo].[UserInfo] ([UserId], [UserCode], [UserName], [LoginName], [PasswordHash], [Email], [Phone], [OrganizationId], [DepartmentId], [DepartmentName], [Position], [UserType], [Status], [LastLoginTime], [Remark], [CreateTime], [CreateUserId], [CreateUserName], [CreateOrganizationId], [CreateOrganizationName], [ModifyTime], [ModifyUserId], [ModifyUserName], [ModifyOrganizationId], [ModifyOrganizationName]) VALUES (91, N'EMP090', N'常燕', N'changyan', N'e10adc3949ba59abbe56e057f20f883e', N'changyan@company.com', N'13800138090', 1, 4, N'人事行政部', N'招聘专员', 4, 1, CAST(N'2025-09-26T13:35:00.000' AS DateTime), N'招聘渠道丰富', CAST(N'2025-09-19T12:10:00.000' AS DateTime), 1, N'系统管理员', 1, N'宇宙科技有限公司总部', NULL, NULL, NULL, NULL, NULL)
GO
INSERT [dbo].[UserInfo] ([UserId], [UserCode], [UserName], [LoginName], [PasswordHash], [Email], [Phone], [OrganizationId], [DepartmentId], [DepartmentName], [Position], [UserType], [Status], [LastLoginTime], [Remark], [CreateTime], [CreateUserId], [CreateUserName], [CreateOrganizationId], [CreateOrganizationName], [ModifyTime], [ModifyUserId], [ModifyUserName], [ModifyOrganizationId], [ModifyOrganizationName]) VALUES (92, N'EMP091', N'武明', N'wuming', N'e10adc3949ba59abbe56e057f20f883e', N'wuming@company.com', N'13800138091', 1, 5, N'市场部', N'市场助理', 1, 1, CAST(N'2025-05-04T15:00:00.000' AS DateTime), N'市场支持工作', CAST(N'2025-09-22T08:25:00.000' AS DateTime), 1, N'系统管理员', 1, N'宇宙科技有限公司总部', CAST(N'2025-12-11T14:50:00.000' AS DateTime), 1, N'系统管理员', 1, N'宇宙科技有限公司总部')
GO
INSERT [dbo].[UserInfo] ([UserId], [UserCode], [UserName], [LoginName], [PasswordHash], [Email], [Phone], [OrganizationId], [DepartmentId], [DepartmentName], [Position], [UserType], [Status], [LastLoginTime], [Remark], [CreateTime], [CreateUserId], [CreateUserName], [CreateOrganizationId], [CreateOrganizationName], [ModifyTime], [ModifyUserId], [ModifyUserName], [ModifyOrganizationId], [ModifyOrganizationName]) VALUES (93, N'EMP092', N'刘娜', N'liuna', N'e10adc3949ba59abbe56e057f20f883e', N'liuna@company.com', N'13800138092', 1, 6, N'销售一部', N'销售专员', 1, 1, CAST(N'2025-10-02T10:15:00.000' AS DateTime), N'销售工作积极', CAST(N'2025-09-25T15:30:00.000' AS DateTime), 1, N'系统管理员', 1, N'宇宙科技有限公司总部', NULL, NULL, NULL, NULL, NULL)
GO
INSERT [dbo].[UserInfo] ([UserId], [UserCode], [UserName], [LoginName], [PasswordHash], [Email], [Phone], [OrganizationId], [DepartmentId], [DepartmentName], [Position], [UserType], [Status], [LastLoginTime], [Remark], [CreateTime], [CreateUserId], [CreateUserName], [CreateOrganizationId], [CreateOrganizationName], [ModifyTime], [ModifyUserId], [ModifyUserName], [ModifyOrganizationId], [ModifyOrganizationName]) VALUES (94, N'EMP093', N'林华', N'linhua', N'e10adc3949ba59abbe56e057f20f883e', N'linhua@company.com', N'13800138093', 1, 7, N'销售二部', N'销售代表', 1, 1, CAST(N'2025-07-26T12:40:00.000' AS DateTime), N'销售业绩良好', CAST(N'2025-09-28T11:55:00.000' AS DateTime), 1, N'系统管理员', 1, N'宇宙科技有限公司总部', CAST(N'2025-12-19T16:35:00.000' AS DateTime), 1, N'系统管理员', 1, N'宇宙科技有限公司总部')
GO
INSERT [dbo].[UserInfo] ([UserId], [UserCode], [UserName], [LoginName], [PasswordHash], [Email], [Phone], [OrganizationId], [DepartmentId], [DepartmentName], [Position], [UserType], [Status], [LastLoginTime], [Remark], [CreateTime], [CreateUserId], [CreateUserName], [CreateOrganizationId], [CreateOrganizationName], [ModifyTime], [ModifyUserId], [ModifyUserName], [ModifyOrganizationId], [ModifyOrganizationName]) VALUES (95, N'EMP094', N'徐静', N'xujing', N'e10adc3949ba59abbe56e057f20f883e', N'xujing@company.com', N'13800138094', 1, 1, N'销售部', N'销售数据分析师', 1, 1, CAST(N'2025-02-26T14:05:00.000' AS DateTime), N'数据分析能力强', CAST(N'2025-10-01T09:20:00.000' AS DateTime), 1, N'系统管理员', 1, N'宇宙科技有限公司总部', NULL, NULL, NULL, NULL, NULL)
GO
INSERT [dbo].[UserInfo] ([UserId], [UserCode], [UserName], [LoginName], [PasswordHash], [Email], [Phone], [OrganizationId], [DepartmentId], [DepartmentName], [Position], [UserType], [Status], [LastLoginTime], [Remark], [CreateTime], [CreateUserId], [CreateUserName], [CreateOrganizationId], [CreateOrganizationName], [ModifyTime], [ModifyUserId], [ModifyUserName], [ModifyOrganizationId], [ModifyOrganizationName]) VALUES (96, N'EMP095', N'朱峰', N'zhufeng', N'e10adc3949ba59abbe56e057f20f883e', N'zhufeng@company.com', N'13800138095', 1, 2, N'技术部', N'前端工程师', 2, 1, CAST(N'2025-11-12T08:30:00.000' AS DateTime), N'前端开发能力', CAST(N'2025-10-04T13:45:00.000' AS DateTime), 1, N'系统管理员', 1, N'宇宙科技有限公司总部', CAST(N'2025-12-26T11:50:00.000' AS DateTime), 1, N'系统管理员', 1, N'宇宙科技有限公司总部')
GO
INSERT [dbo].[UserInfo] ([UserId], [UserCode], [UserName], [LoginName], [PasswordHash], [Email], [Phone], [OrganizationId], [DepartmentId], [DepartmentName], [Position], [UserType], [Status], [LastLoginTime], [Remark], [CreateTime], [CreateUserId], [CreateUserName], [CreateOrganizationId], [CreateOrganizationName], [ModifyTime], [ModifyUserId], [ModifyUserName], [ModifyOrganizationId], [ModifyOrganizationName]) VALUES (97, N'EMP096', N'何燕', N'heyan', N'e10adc3949ba59abbe56e057f20f883e', N'heyan@company.com', N'13800138096', 1, 3, N'财务部', N'应付会计', 3, 1, CAST(N'2025-04-22T16:15:00.000' AS DateTime), N'应付账款管理', CAST(N'2025-10-07T10:00:00.000' AS DateTime), 1, N'系统管理员', 1, N'宇宙科技有限公司总部', NULL, NULL, NULL, NULL, NULL)
GO
INSERT [dbo].[UserInfo] ([UserId], [UserCode], [UserName], [LoginName], [PasswordHash], [Email], [Phone], [OrganizationId], [DepartmentId], [DepartmentName], [Position], [UserType], [Status], [LastLoginTime], [Remark], [CreateTime], [CreateUserId], [CreateUserName], [CreateOrganizationId], [CreateOrganizationName], [ModifyTime], [ModifyUserId], [ModifyUserName], [ModifyOrganizationId], [ModifyOrganizationName]) VALUES (98, N'EMP097', N'高华', N'gaohua', N'e10adc3949ba59abbe56e057f20f883e', N'gaohua@company.com', N'13800138097', 1, 4, N'人事行政部', N'员工服务专员', 4, 1, CAST(N'2025-12-30T09:40:00.000' AS DateTime), N'员工服务态度好', CAST(N'2025-10-10T14:25:00.000' AS DateTime), 1, N'系统管理员', 1, N'宇宙科技有限公司总部', CAST(N'2025-12-31T13:00:00.000' AS DateTime), 1, N'系统管理员', 1, N'宇宙科技有限公司总部')
GO
INSERT [dbo].[UserInfo] ([UserId], [UserCode], [UserName], [LoginName], [PasswordHash], [Email], [Phone], [OrganizationId], [DepartmentId], [DepartmentName], [Position], [UserType], [Status], [LastLoginTime], [Remark], [CreateTime], [CreateUserId], [CreateUserName], [CreateOrganizationId], [CreateOrganizationName], [ModifyTime], [ModifyUserId], [ModifyUserName], [ModifyOrganizationId], [ModifyOrganizationName]) VALUES (99, N'EMP098', N'傅娜', N'funa', N'e10adc3949ba59abbe56e057f20f883e', N'funa@company.com', N'13800138098', 1, 5, N'市场部', N'市场调研助理', 1, 1, CAST(N'2025-08-08T11:10:00.000' AS DateTime), N'市场调研支持', CAST(N'2025-10-13T08:50:00.000' AS DateTime), 1, N'系统管理员', 1, N'宇宙科技有限公司总部', NULL, NULL, NULL, NULL, NULL)
GO
INSERT [dbo].[UserInfo] ([UserId], [UserCode], [UserName], [LoginName], [PasswordHash], [Email], [Phone], [OrganizationId], [DepartmentId], [DepartmentName], [Position], [UserType], [Status], [LastLoginTime], [Remark], [CreateTime], [CreateUserId], [CreateUserName], [CreateOrganizationId], [CreateOrganizationName], [ModifyTime], [ModifyUserId], [ModifyUserName], [ModifyOrganizationId], [ModifyOrganizationName]) VALUES (100, N'EMP099', N'方伟', N'fangwei', N'e10adc3949ba59abbe56e057f20f883e', N'fangwei@company.com', N'13800138099', 1, 6, N'销售一部', N'销售代表', 1, 1, CAST(N'2025-05-28T14:20:00.000' AS DateTime), N'销售工作认真', CAST(N'2025-10-16T11:30:00.000' AS DateTime), 1, N'系统管理员', 1, N'宇宙科技有限公司总部', CAST(N'2025-12-05T16:45:00.000' AS DateTime), 1, N'系统管理员', 1, N'宇宙科技有限公司总部')
GO
INSERT [dbo].[UserInfo] ([UserId], [UserCode], [UserName], [LoginName], [PasswordHash], [Email], [Phone], [OrganizationId], [DepartmentId], [DepartmentName], [Position], [UserType], [Status], [LastLoginTime], [Remark], [CreateTime], [CreateUserId], [CreateUserName], [CreateOrganizationId], [CreateOrganizationName], [ModifyTime], [ModifyUserId], [ModifyUserName], [ModifyOrganizationId], [ModifyOrganizationName]) VALUES (101, N'EMP100', N'石燕', N'shiyan', N'e10adc3949ba59abbe56e057f20f883e', N'shiyan@company.com', N'13800138100', 1, 7, N'销售二部', N'销售专员', 1, 1, CAST(N'2025-11-24T09:50:00.000' AS DateTime), N'销售业绩良好', CAST(N'2025-10-19T14:10:00.000' AS DateTime), 1, N'系统管理员', 1, N'宇宙科技有限公司总部', NULL, NULL, NULL, NULL, NULL)
GO
SET IDENTITY_INSERT [dbo].[UserInfo] OFF
GO
SET IDENTITY_INSERT [dbo].[Customer] ON 
GO
INSERT [dbo].[Customer] ([CustomerId], [CustomerCode], [CustomerName], [CustomerType], [CustomerSource], [Industry], [ContactPerson], [ContactPhone], [ContactEmail], [Address], [CustomerLevel], [CreditStatus], [CustomerStatus], [CustomerTransactionType], [IsPublic], [OwnerUserId], [OwnerUserName], [OwnerOrganizationId], [OwnerOrganizationName], [RecentContactTime], [TotalOrderAmount], [TotalOrderCount], [LastOrderTime], [Remark], [CreateTime], [CreateUserId], [CreateUserName], [CreateOrganizationId], [CreateOrganizationName], [ModifyTime], [ModifyUserId], [ModifyUserName], [ModifyOrganizationId], [ModifyOrganizationName]) VALUES (1, N'CUST001', N'腾飞科技有限公司', 1, N'网络搜索', N'信息技术', N'李经理', N'13800110001', N'li@tengfei.com', N'北京市海淀区中关村大街1号', 2, 1, 2, 1, 1, 60, N'雷刚', 1, N'宇宙科技有限公司总部', CAST(N'2025-03-15T10:30:00.000' AS DateTime), CAST(0.00 AS Decimal(18, 2)), 0, NULL, N'A级商机客户，ERP系统升级项目正在跟进中', CAST(N'2025-01-05T09:15:00.000' AS DateTime), 1, N'系统管理员', 1, N'宇宙科技有限公司总部', CAST(N'2025-06-20T11:30:00.000' AS DateTime), 1, N'系统管理员', 1, N'宇宙科技有限公司总部')
GO
INSERT [dbo].[Customer] ([CustomerId], [CustomerCode], [CustomerName], [CustomerType], [CustomerSource], [Industry], [ContactPerson], [ContactPhone], [ContactEmail], [Address], [CustomerLevel], [CreditStatus], [CustomerStatus], [CustomerTransactionType], [IsPublic], [OwnerUserId], [OwnerUserName], [OwnerOrganizationId], [OwnerOrganizationName], [RecentContactTime], [TotalOrderAmount], [TotalOrderCount], [LastOrderTime], [Remark], [CreateTime], [CreateUserId], [CreateUserName], [CreateOrganizationId], [CreateOrganizationName], [ModifyTime], [ModifyUserId], [ModifyUserName], [ModifyOrganizationId], [ModifyOrganizationName]) VALUES (2, N'CUST002', N'创新软件有限公司', 1, N'展会客户', N'软件开发', N'王总监', N'13800110002', N'wang@chuangxin.com', N'上海市浦东新区张江高科技园区', 2, 1, 2, 1, 1, 60, N'雷刚', 1, N'宇宙科技有限公司总部', CAST(N'2025-04-22T14:45:00.000' AS DateTime), CAST(0.00 AS Decimal(18, 2)), 0, NULL, N'B级商机客户，办公自动化系统需求明确', CAST(N'2025-01-08T14:30:00.000' AS DateTime), 1, N'系统管理员', 1, N'宇宙科技有限公司总部', NULL, NULL, NULL, NULL, NULL)
GO
INSERT [dbo].[Customer] ([CustomerId], [CustomerCode], [CustomerName], [CustomerType], [CustomerSource], [Industry], [ContactPerson], [ContactPhone], [ContactEmail], [Address], [CustomerLevel], [CreditStatus], [CustomerStatus], [CustomerTransactionType], [IsPublic], [OwnerUserId], [OwnerUserName], [OwnerOrganizationId], [OwnerOrganizationName], [RecentContactTime], [TotalOrderAmount], [TotalOrderCount], [LastOrderTime], [Remark], [CreateTime], [CreateUserId], [CreateUserName], [CreateOrganizationId], [CreateOrganizationName], [ModifyTime], [ModifyUserId], [ModifyUserName], [ModifyOrganizationId], [ModifyOrganizationName]) VALUES (3, N'CUST003', N'智慧教育集团', 1, N'客户推荐', N'教育培训', N'张校长', N'13800110003', N'zhang@zhihui.com', N'广州市天河区珠江新城', 1, 1, 2, 1, 1, 60, N'雷刚', 1, N'宇宙科技有限公司总部', CAST(N'2025-05-10T11:20:00.000' AS DateTime), CAST(0.00 AS Decimal(18, 2)), 0, NULL, N'A级商机客户，智慧校园平台项目潜力大', CAST(N'2025-01-12T11:45:00.000' AS DateTime), 1, N'系统管理员', 1, N'宇宙科技有限公司总部', CAST(N'2025-08-15T16:20:00.000' AS DateTime), 1, N'系统管理员', 1, N'宇宙科技有限公司总部')
GO
INSERT [dbo].[Customer] ([CustomerId], [CustomerCode], [CustomerName], [CustomerType], [CustomerSource], [Industry], [ContactPerson], [ContactPhone], [ContactEmail], [Address], [CustomerLevel], [CreditStatus], [CustomerStatus], [CustomerTransactionType], [IsPublic], [OwnerUserId], [OwnerUserName], [OwnerOrganizationId], [OwnerOrganizationName], [RecentContactTime], [TotalOrderAmount], [TotalOrderCount], [LastOrderTime], [Remark], [CreateTime], [CreateUserId], [CreateUserName], [CreateOrganizationId], [CreateOrganizationName], [ModifyTime], [ModifyUserId], [ModifyUserName], [ModifyOrganizationId], [ModifyOrganizationName]) VALUES (4, N'CUST004', N'绿色能源股份有限公司', 1, N'广告投放', N'新能源', N'陈经理', N'13800110004', N'chen@greenenergy.com', N'南京市鼓楼区中山路', 2, 2, 2, 1, 1, 60, N'雷刚', 1, N'宇宙科技有限公司总部', CAST(N'2025-06-18T16:40:00.000' AS DateTime), CAST(0.00 AS Decimal(18, 2)), 0, NULL, N'B级商机客户，光伏监控系统项目正在报价', CAST(N'2025-01-22T10:30:00.000' AS DateTime), 1, N'系统管理员', 1, N'宇宙科技有限公司总部', NULL, NULL, NULL, NULL, NULL)
GO
INSERT [dbo].[Customer] ([CustomerId], [CustomerCode], [CustomerName], [CustomerType], [CustomerSource], [Industry], [ContactPerson], [ContactPhone], [ContactEmail], [Address], [CustomerLevel], [CreditStatus], [CustomerStatus], [CustomerTransactionType], [IsPublic], [OwnerUserId], [OwnerUserName], [OwnerOrganizationId], [OwnerOrganizationName], [RecentContactTime], [TotalOrderAmount], [TotalOrderCount], [LastOrderTime], [Remark], [CreateTime], [CreateUserId], [CreateUserName], [CreateOrganizationId], [CreateOrganizationName], [ModifyTime], [ModifyUserId], [ModifyUserName], [ModifyOrganizationId], [ModifyOrganizationName]) VALUES (5, N'CUST005', N'华美商贸有限公司', 1, N'商务合作', N'贸易', N'赵总', N'13800110005', N'zhao@huamei.com', N'成都市锦江区总府路', 3, 2, 2, 1, 1, 60, N'雷刚', 1, N'宇宙科技有限公司总部', CAST(N'2025-01-20T14:15:00.000' AS DateTime), CAST(0.00 AS Decimal(18, 2)), 0, NULL, N'C级商机客户，供应链管理系统需求初步沟通', CAST(N'2025-01-25T14:50:00.000' AS DateTime), 1, N'系统管理员', 1, N'宇宙科技有限公司总部', CAST(N'2025-10-05T09:30:00.000' AS DateTime), 1, N'系统管理员', 1, N'宇宙科技有限公司总部')
GO
INSERT [dbo].[Customer] ([CustomerId], [CustomerCode], [CustomerName], [CustomerType], [CustomerSource], [Industry], [ContactPerson], [ContactPhone], [ContactEmail], [Address], [CustomerLevel], [CreditStatus], [CustomerStatus], [CustomerTransactionType], [IsPublic], [OwnerUserId], [OwnerUserName], [OwnerOrganizationId], [OwnerOrganizationName], [RecentContactTime], [TotalOrderAmount], [TotalOrderCount], [LastOrderTime], [Remark], [CreateTime], [CreateUserId], [CreateUserName], [CreateOrganizationId], [CreateOrganizationName], [ModifyTime], [ModifyUserId], [ModifyUserName], [ModifyOrganizationId], [ModifyOrganizationName]) VALUES (6, N'CUST006', N'健康医疗有限公司', 1, N'电话营销', N'医疗健康', N'刘主任', N'13800110006', N'liu@jiankang.com', N'深圳市南山区科技园', 2, 1, 2, 1, 1, 60, N'雷刚', 1, N'宇宙科技有限公司总部', CAST(N'2025-02-28T15:30:00.000' AS DateTime), CAST(0.00 AS Decimal(18, 2)), 0, NULL, N'B级商机客户，远程诊疗系统项目正在跟进', CAST(N'2025-01-15T13:20:00.000' AS DateTime), 1, N'系统管理员', 1, N'宇宙科技有限公司总部', NULL, NULL, NULL, NULL, NULL)
GO
INSERT [dbo].[Customer] ([CustomerId], [CustomerCode], [CustomerName], [CustomerType], [CustomerSource], [Industry], [ContactPerson], [ContactPhone], [ContactEmail], [Address], [CustomerLevel], [CreditStatus], [CustomerStatus], [CustomerTransactionType], [IsPublic], [OwnerUserId], [OwnerUserName], [OwnerOrganizationId], [OwnerOrganizationName], [RecentContactTime], [TotalOrderAmount], [TotalOrderCount], [LastOrderTime], [Remark], [CreateTime], [CreateUserId], [CreateUserName], [CreateOrganizationId], [CreateOrganizationName], [ModifyTime], [ModifyUserId], [ModifyUserName], [ModifyOrganizationId], [ModifyOrganizationName]) VALUES (7, N'CUST007', N'美味食品有限公司', 1, N'行业展会', N'食品加工', N'孙经理', N'13800110007', N'sun@meiwei.com', N'西安市雁塔区科技路', 3, 1, 2, 1, 1, 60, N'雷刚', 1, N'宇宙科技有限公司总部', CAST(N'2025-04-05T13:45:00.000' AS DateTime), CAST(0.00 AS Decimal(18, 2)), 0, NULL, N'C级商机客户，质量追溯系统需求了解中', CAST(N'2025-02-01T15:25:00.000' AS DateTime), 1, N'系统管理员', 1, N'宇宙科技有限公司总部', CAST(N'2025-11-12T11:20:00.000' AS DateTime), 1, N'系统管理员', 1, N'宇宙科技有限公司总部')
GO
INSERT [dbo].[Customer] ([CustomerId], [CustomerCode], [CustomerName], [CustomerType], [CustomerSource], [Industry], [ContactPerson], [ContactPhone], [ContactEmail], [Address], [CustomerLevel], [CreditStatus], [CustomerStatus], [CustomerTransactionType], [IsPublic], [OwnerUserId], [OwnerUserName], [OwnerOrganizationId], [OwnerOrganizationName], [RecentContactTime], [TotalOrderAmount], [TotalOrderCount], [LastOrderTime], [Remark], [CreateTime], [CreateUserId], [CreateUserName], [CreateOrganizationId], [CreateOrganizationName], [ModifyTime], [ModifyUserId], [ModifyUserName], [ModifyOrganizationId], [ModifyOrganizationName]) VALUES (8, N'CUST008', N'时尚服饰有限公司', 1, N'网络搜索', N'服装制造', N'林经理', N'13800110008', N'lin@shishang.com', N'杭州市滨江区江南大道', 2, 1, 2, 1, 1, 60, N'雷刚', 1, N'宇宙科技有限公司总部', CAST(N'2025-05-30T09:20:00.000' AS DateTime), CAST(0.00 AS Decimal(18, 2)), 0, NULL, N'B级商机客户，电商平台建设需求明确', CAST(N'2025-02-10T13:20:00.000' AS DateTime), 1, N'系统管理员', 1, N'宇宙科技有限公司总部', CAST(N'2025-08-28T16:10:00.000' AS DateTime), 1, N'系统管理员', 1, N'宇宙科技有限公司总部')
GO
INSERT [dbo].[Customer] ([CustomerId], [CustomerCode], [CustomerName], [CustomerType], [CustomerSource], [Industry], [ContactPerson], [ContactPhone], [ContactEmail], [Address], [CustomerLevel], [CreditStatus], [CustomerStatus], [CustomerTransactionType], [IsPublic], [OwnerUserId], [OwnerUserName], [OwnerOrganizationId], [OwnerOrganizationName], [RecentContactTime], [TotalOrderAmount], [TotalOrderCount], [LastOrderTime], [Remark], [CreateTime], [CreateUserId], [CreateUserName], [CreateOrganizationId], [CreateOrganizationName], [ModifyTime], [ModifyUserId], [ModifyUserName], [ModifyOrganizationId], [ModifyOrganizationName]) VALUES (9, N'CUST009', N'智能家居有限公司', 1, N'客户推荐', N'智能硬件', N'吴总监', N'13800110009', N'wu@zhineng.com', N'苏州市工业园区星湖街', 1, 1, 2, 1, 1, 60, N'雷刚', 1, N'宇宙科技有限公司总部', CAST(N'2025-06-25T15:45:00.000' AS DateTime), CAST(0.00 AS Decimal(18, 2)), 0, NULL, N'A级商机客户，智能安防系统项目潜力大', CAST(N'2025-02-14T09:45:00.000' AS DateTime), 1, N'系统管理员', 1, N'宇宙科技有限公司总部', NULL, NULL, NULL, NULL, NULL)
GO
INSERT [dbo].[Customer] ([CustomerId], [CustomerCode], [CustomerName], [CustomerType], [CustomerSource], [Industry], [ContactPerson], [ContactPhone], [ContactEmail], [Address], [CustomerLevel], [CreditStatus], [CustomerStatus], [CustomerTransactionType], [IsPublic], [OwnerUserId], [OwnerUserName], [OwnerOrganizationId], [OwnerOrganizationName], [RecentContactTime], [TotalOrderAmount], [TotalOrderCount], [LastOrderTime], [Remark], [CreateTime], [CreateUserId], [CreateUserName], [CreateOrganizationId], [CreateOrganizationName], [ModifyTime], [ModifyUserId], [ModifyUserName], [ModifyOrganizationId], [ModifyOrganizationName]) VALUES (10, N'CUST010', N'物流运输有限公司', 1, N'行业展会', N'物流运输', N'郑经理', N'13800110010', N'zheng@wuliu.com', N'宁波市鄞州区钱湖北路', 2, 2, 2, 1, 1, 60, N'雷刚', 1, N'宇宙科技有限公司总部', CAST(N'2025-07-15T14:30:00.000' AS DateTime), CAST(0.00 AS Decimal(18, 2)), 0, NULL, N'B级商机客户，车辆管理系统项目正在推进', CAST(N'2025-02-22T14:30:00.000' AS DateTime), 1, N'系统管理员', 1, N'宇宙科技有限公司总部', NULL, NULL, NULL, NULL, NULL)
GO
INSERT [dbo].[Customer] ([CustomerId], [CustomerCode], [CustomerName], [CustomerType], [CustomerSource], [Industry], [ContactPerson], [ContactPhone], [ContactEmail], [Address], [CustomerLevel], [CreditStatus], [CustomerStatus], [CustomerTransactionType], [IsPublic], [OwnerUserId], [OwnerUserName], [OwnerOrganizationId], [OwnerOrganizationName], [RecentContactTime], [TotalOrderAmount], [TotalOrderCount], [LastOrderTime], [Remark], [CreateTime], [CreateUserId], [CreateUserName], [CreateOrganizationId], [CreateOrganizationName], [ModifyTime], [ModifyUserId], [ModifyUserName], [ModifyOrganizationId], [ModifyOrganizationName]) VALUES (11, N'CUST011', N'建筑设计院', 1, N'商务合作', N'建筑设计', N'周院长', N'13800110011', N'zhou@jianzhu.com', N'长沙市岳麓区麓山南路', 1, 1, 2, 1, 1, 61, N'钱琳', 1, N'宇宙科技有限公司总部', CAST(N'2025-04-18T16:20:00.000' AS DateTime), CAST(0.00 AS Decimal(18, 2)), 0, NULL, N'A级商机客户，BIM协同平台项目正在洽谈', CAST(N'2025-02-26T09:50:00.000' AS DateTime), 1, N'系统管理员', 1, N'宇宙科技有限公司总部', CAST(N'2025-12-05T15:30:00.000' AS DateTime), 1, N'系统管理员', 1, N'宇宙科技有限公司总部')
GO
INSERT [dbo].[Customer] ([CustomerId], [CustomerCode], [CustomerName], [CustomerType], [CustomerSource], [Industry], [ContactPerson], [ContactPhone], [ContactEmail], [Address], [CustomerLevel], [CreditStatus], [CustomerStatus], [CustomerTransactionType], [IsPublic], [OwnerUserId], [OwnerUserName], [OwnerOrganizationId], [OwnerOrganizationName], [RecentContactTime], [TotalOrderAmount], [TotalOrderCount], [LastOrderTime], [Remark], [CreateTime], [CreateUserId], [CreateUserName], [CreateOrganizationId], [CreateOrganizationName], [ModifyTime], [ModifyUserId], [ModifyUserName], [ModifyOrganizationId], [ModifyOrganizationName]) VALUES (12, N'CUST012', N'金融服务有限公司', 1, N'广告投放', N'金融服务', N'钱经理', N'13800110012', N'qian@jinrong.com', N'郑州市金水区花园路', 1, 1, 2, 1, 1, 61, N'钱琳', 1, N'宇宙科技有限公司总部', CAST(N'2025-08-30T11:40:00.000' AS DateTime), CAST(0.00 AS Decimal(18, 2)), 0, NULL, N'A级商机客户，风控系统升级项目需求明确', CAST(N'2025-03-01T15:25:00.000' AS DateTime), 1, N'系统管理员', 1, N'宇宙科技有限公司总部', NULL, NULL, NULL, NULL, NULL)
GO
INSERT [dbo].[Customer] ([CustomerId], [CustomerCode], [CustomerName], [CustomerType], [CustomerSource], [Industry], [ContactPerson], [ContactPhone], [ContactEmail], [Address], [CustomerLevel], [CreditStatus], [CustomerStatus], [CustomerTransactionType], [IsPublic], [OwnerUserId], [OwnerUserName], [OwnerOrganizationId], [OwnerOrganizationName], [RecentContactTime], [TotalOrderAmount], [TotalOrderCount], [LastOrderTime], [Remark], [CreateTime], [CreateUserId], [CreateUserName], [CreateOrganizationId], [CreateOrganizationName], [ModifyTime], [ModifyUserId], [ModifyUserName], [ModifyOrganizationId], [ModifyOrganizationName]) VALUES (13, N'CUST013', N'互联网科技有限公司', 1, N'客户推荐', N'互联网', N'曹经理', N'13800110013', N'cao@internet.com', N'长沙市雨花区韶山南路', 1, 1, 2, 1, 1, 61, N'钱琳', 1, N'宇宙科技有限公司总部', CAST(N'2025-06-12T11:30:00.000' AS DateTime), CAST(0.00 AS Decimal(18, 2)), 0, NULL, N'A级商机客户，大数据平台建设项目正在跟进', CAST(N'2025-03-20T09:30:00.000' AS DateTime), 1, N'系统管理员', 1, N'宇宙科技有限公司总部', CAST(N'2025-12-15T11:40:00.000' AS DateTime), 1, N'系统管理员', 1, N'宇宙科技有限公司总部')
GO
INSERT [dbo].[Customer] ([CustomerId], [CustomerCode], [CustomerName], [CustomerType], [CustomerSource], [Industry], [ContactPerson], [ContactPhone], [ContactEmail], [Address], [CustomerLevel], [CreditStatus], [CustomerStatus], [CustomerTransactionType], [IsPublic], [OwnerUserId], [OwnerUserName], [OwnerOrganizationId], [OwnerOrganizationName], [RecentContactTime], [TotalOrderAmount], [TotalOrderCount], [LastOrderTime], [Remark], [CreateTime], [CreateUserId], [CreateUserName], [CreateOrganizationId], [CreateOrganizationName], [ModifyTime], [ModifyUserId], [ModifyUserName], [ModifyOrganizationId], [ModifyOrganizationName]) VALUES (14, N'CUST014', N'餐饮连锁有限公司', 1, N'网络搜索', N'餐饮服务', N'彭经理', N'13800110014', N'peng@canyin.com', N'成都市武侯区科华北路', 2, 1, 2, 1, 1, 61, N'钱琳', 1, N'宇宙科技有限公司总部', CAST(N'2025-07-28T15:20:00.000' AS DateTime), CAST(0.00 AS Decimal(18, 2)), 0, NULL, N'B级商机客户，会员管理系统升级项目需求明确', CAST(N'2025-03-24T14:20:00.000' AS DateTime), 1, N'系统管理员', 1, N'宇宙科技有限公司总部', NULL, NULL, NULL, NULL, NULL)
GO
INSERT [dbo].[Customer] ([CustomerId], [CustomerCode], [CustomerName], [CustomerType], [CustomerSource], [Industry], [ContactPerson], [ContactPhone], [ContactEmail], [Address], [CustomerLevel], [CreditStatus], [CustomerStatus], [CustomerTransactionType], [IsPublic], [OwnerUserId], [OwnerUserName], [OwnerOrganizationId], [OwnerOrganizationName], [RecentContactTime], [TotalOrderAmount], [TotalOrderCount], [LastOrderTime], [Remark], [CreateTime], [CreateUserId], [CreateUserName], [CreateOrganizationId], [CreateOrganizationName], [ModifyTime], [ModifyUserId], [ModifyUserName], [ModifyOrganizationId], [ModifyOrganizationName]) VALUES (15, N'CUST015', N'环保科技有限公司', 1, N'行业展会', N'环保科技', N'曾经理', N'13800110015', N'zeng@huanbao.com', N'武汉市江汉区建设大道', 2, 2, 2, 1, 1, 61, N'钱琳', 1, N'宇宙科技有限公司总部', CAST(N'2025-08-18T14:00:00.000' AS DateTime), CAST(0.00 AS Decimal(18, 2)), 0, NULL, N'B级商机客户，环境监测系统项目正在报价', CAST(N'2025-04-01T16:10:00.000' AS DateTime), 1, N'系统管理员', 1, N'宇宙科技有限公司总部', NULL, NULL, NULL, NULL, NULL)
GO
INSERT [dbo].[Customer] ([CustomerId], [CustomerCode], [CustomerName], [CustomerType], [CustomerSource], [Industry], [ContactPerson], [ContactPhone], [ContactEmail], [Address], [CustomerLevel], [CreditStatus], [CustomerStatus], [CustomerTransactionType], [IsPublic], [OwnerUserId], [OwnerUserName], [OwnerOrganizationId], [OwnerOrganizationName], [RecentContactTime], [TotalOrderAmount], [TotalOrderCount], [LastOrderTime], [Remark], [CreateTime], [CreateUserId], [CreateUserName], [CreateOrganizationId], [CreateOrganizationName], [ModifyTime], [ModifyUserId], [ModifyUserName], [ModifyOrganizationId], [ModifyOrganizationName]) VALUES (16, N'CUST016', N'律师事务所', 1, N'商务合作', N'法律服务', N'肖主任', N'13800110016', N'xiao@law.com', N'南京市玄武区中山路', 1, 1, 2, 1, 1, 61, N'钱琳', 1, N'宇宙科技有限公司总部', CAST(N'2025-05-20T16:35:00.000' AS DateTime), CAST(0.00 AS Decimal(18, 2)), 0, NULL, N'A级商机客户，案件管理系统项目正在洽谈', CAST(N'2025-04-05T10:25:00.000' AS DateTime), 1, N'系统管理员', 1, N'宇宙科技有限公司总部', CAST(N'2025-12-01T10:50:00.000' AS DateTime), 1, N'系统管理员', 1, N'宇宙科技有限公司总部')
GO
INSERT [dbo].[Customer] ([CustomerId], [CustomerCode], [CustomerName], [CustomerType], [CustomerSource], [Industry], [ContactPerson], [ContactPhone], [ContactEmail], [Address], [CustomerLevel], [CreditStatus], [CustomerStatus], [CustomerTransactionType], [IsPublic], [OwnerUserId], [OwnerUserName], [OwnerOrganizationId], [OwnerOrganizationName], [RecentContactTime], [TotalOrderAmount], [TotalOrderCount], [LastOrderTime], [Remark], [CreateTime], [CreateUserId], [CreateUserName], [CreateOrganizationId], [CreateOrganizationName], [ModifyTime], [ModifyUserId], [ModifyUserName], [ModifyOrganizationId], [ModifyOrganizationName]) VALUES (17, N'CUST017', N'房地产开发公司', 1, N'广告投放', N'房地产', N'田经理', N'13800110017', N'tian@fangchan.com', N'广州市越秀区环市东路', 1, 1, 2, 1, 1, 61, N'钱琳', 1, N'宇宙科技有限公司总部', CAST(N'2025-09-25T13:50:00.000' AS DateTime), CAST(0.00 AS Decimal(18, 2)), 0, NULL, N'A级商机客户，销售管理系统项目需求明确', CAST(N'2025-04-09T13:50:00.000' AS DateTime), 1, N'系统管理员', 1, N'宇宙科技有限公司总部', NULL, NULL, NULL, NULL, NULL)
GO
INSERT [dbo].[Customer] ([CustomerId], [CustomerCode], [CustomerName], [CustomerType], [CustomerSource], [Industry], [ContactPerson], [ContactPhone], [ContactEmail], [Address], [CustomerLevel], [CreditStatus], [CustomerStatus], [CustomerTransactionType], [IsPublic], [OwnerUserId], [OwnerUserName], [OwnerOrganizationId], [OwnerOrganizationName], [RecentContactTime], [TotalOrderAmount], [TotalOrderCount], [LastOrderTime], [Remark], [CreateTime], [CreateUserId], [CreateUserName], [CreateOrganizationId], [CreateOrganizationName], [ModifyTime], [ModifyUserId], [ModifyUserName], [ModifyOrganizationId], [ModifyOrganizationName]) VALUES (18, N'CUST018', N'电子制造有限公司', 1, N'客户推荐', N'电子制造', N'杜经理', N'13800110018', N'du@dianzi.com', N'东莞市南城区科技路', 1, 1, 2, 1, 1, 61, N'钱琳', 1, N'宇宙科技有限公司总部', CAST(N'2025-07-02T09:40:00.000' AS DateTime), CAST(0.00 AS Decimal(18, 2)), 0, NULL, N'A级商机客户，MES系统建设项目正在推进', CAST(N'2025-05-02T10:15:00.000' AS DateTime), 1, N'系统管理员', 1, N'宇宙科技有限公司总部', CAST(N'2025-12-22T16:35:00.000' AS DateTime), 1, N'系统管理员', 1, N'宇宙科技有限公司总部')
GO
INSERT [dbo].[Customer] ([CustomerId], [CustomerCode], [CustomerName], [CustomerType], [CustomerSource], [Industry], [ContactPerson], [ContactPhone], [ContactEmail], [Address], [CustomerLevel], [CreditStatus], [CustomerStatus], [CustomerTransactionType], [IsPublic], [OwnerUserId], [OwnerUserName], [OwnerOrganizationId], [OwnerOrganizationName], [RecentContactTime], [TotalOrderAmount], [TotalOrderCount], [LastOrderTime], [Remark], [CreateTime], [CreateUserId], [CreateUserName], [CreateOrganizationId], [CreateOrganizationName], [ModifyTime], [ModifyUserId], [ModifyUserName], [ModifyOrganizationId], [ModifyOrganizationName]) VALUES (19, N'CUST019', N'化工有限公司', 1, N'网络搜索', N'化工行业', N'叶经理', N'13800110019', N'ye@huagong.com', N'天津市滨海新区开发区', 2, 1, 2, 1, 1, 61, N'钱琳', 1, N'宇宙科技有限公司总部', CAST(N'2025-08-22T16:00:00.000' AS DateTime), CAST(0.00 AS Decimal(18, 2)), 0, NULL, N'B级商机客户，安全监控系统项目正在跟进', CAST(N'2025-05-06T14:50:00.000' AS DateTime), 1, N'系统管理员', 1, N'宇宙科技有限公司总部', NULL, NULL, NULL, NULL, NULL)
GO
INSERT [dbo].[Customer] ([CustomerId], [CustomerCode], [CustomerName], [CustomerType], [CustomerSource], [Industry], [ContactPerson], [ContactPhone], [ContactEmail], [Address], [CustomerLevel], [CreditStatus], [CustomerStatus], [CustomerTransactionType], [IsPublic], [OwnerUserId], [OwnerUserName], [OwnerOrganizationId], [OwnerOrganizationName], [RecentContactTime], [TotalOrderAmount], [TotalOrderCount], [LastOrderTime], [Remark], [CreateTime], [CreateUserId], [CreateUserName], [CreateOrganizationId], [CreateOrganizationName], [ModifyTime], [ModifyUserId], [ModifyUserName], [ModifyOrganizationId], [ModifyOrganizationName]) VALUES (20, N'CUST020', N'建筑工程公司', 1, N'行业展会', N'建筑工程', N'程经理', N'13800110020', N'cheng@jianzhu.com', N'太原市小店区长治路', 2, 2, 2, 1, 1, 61, N'钱琳', 1, N'宇宙科技有限公司总部', CAST(N'2025-09-15T14:20:00.000' AS DateTime), CAST(0.00 AS Decimal(18, 2)), 0, NULL, N'B级商机客户，项目管理系统需求初步沟通', CAST(N'2025-05-14T13:10:00.000' AS DateTime), 1, N'系统管理员', 1, N'宇宙科技有限公司总部', NULL, NULL, NULL, NULL, NULL)
GO
INSERT [dbo].[Customer] ([CustomerId], [CustomerCode], [CustomerName], [CustomerType], [CustomerSource], [Industry], [ContactPerson], [ContactPhone], [ContactEmail], [Address], [CustomerLevel], [CreditStatus], [CustomerStatus], [CustomerTransactionType], [IsPublic], [OwnerUserId], [OwnerUserName], [OwnerOrganizationId], [OwnerOrganizationName], [RecentContactTime], [TotalOrderAmount], [TotalOrderCount], [LastOrderTime], [Remark], [CreateTime], [CreateUserId], [CreateUserName], [CreateOrganizationId], [CreateOrganizationName], [ModifyTime], [ModifyUserId], [ModifyUserName], [ModifyOrganizationId], [ModifyOrganizationName]) VALUES (21, N'CUST021', N'生物科技公司', 1, N'客户推荐', N'生物科技', N'顾经理', N'13800110021', N'gu@shengwu.com', N'郑州市高新区科学大道', 1, 1, 2, 1, 1, 62, N'常勇', 1, N'宇宙科技有限公司总部', CAST(N'2025-08-05T10:25:00.000' AS DateTime), CAST(0.00 AS Decimal(18, 2)), 0, NULL, N'A级商机客户，实验室管理系统项目正在跟进', CAST(N'2025-06-11T13:55:00.000' AS DateTime), 1, N'系统管理员', 1, N'宇宙科技有限公司总部', NULL, NULL, NULL, NULL, NULL)
GO
INSERT [dbo].[Customer] ([CustomerId], [CustomerCode], [CustomerName], [CustomerType], [CustomerSource], [Industry], [ContactPerson], [ContactPhone], [ContactEmail], [Address], [CustomerLevel], [CreditStatus], [CustomerStatus], [CustomerTransactionType], [IsPublic], [OwnerUserId], [OwnerUserName], [OwnerOrganizationId], [OwnerOrganizationName], [RecentContactTime], [TotalOrderAmount], [TotalOrderCount], [LastOrderTime], [Remark], [CreateTime], [CreateUserId], [CreateUserName], [CreateOrganizationId], [CreateOrganizationName], [ModifyTime], [ModifyUserId], [ModifyUserName], [ModifyOrganizationId], [ModifyOrganizationName]) VALUES (22, N'CUST022', N'零售连锁公司', 1, N'网络搜索', N'零售业', N'侯经理', N'13800110022', N'hou@lingshou.com', N'长沙市芙蓉区五一大道', 2, 1, 2, 1, 1, 62, N'常勇', 1, N'宇宙科技有限公司总部', CAST(N'2025-09-18T15:40:00.000' AS DateTime), CAST(0.00 AS Decimal(18, 2)), 0, NULL, N'B级商机客户，POS系统升级项目需求明确', CAST(N'2025-06-15T16:30:00.000' AS DateTime), 1, N'系统管理员', 1, N'宇宙科技有限公司总部', CAST(N'2025-12-18T11:40:00.000' AS DateTime), 1, N'系统管理员', 1, N'宇宙科技有限公司总部')
GO
INSERT [dbo].[Customer] ([CustomerId], [CustomerCode], [CustomerName], [CustomerType], [CustomerSource], [Industry], [ContactPerson], [ContactPhone], [ContactEmail], [Address], [CustomerLevel], [CreditStatus], [CustomerStatus], [CustomerTransactionType], [IsPublic], [OwnerUserId], [OwnerUserName], [OwnerOrganizationId], [OwnerOrganizationName], [RecentContactTime], [TotalOrderAmount], [TotalOrderCount], [LastOrderTime], [Remark], [CreateTime], [CreateUserId], [CreateUserName], [CreateOrganizationId], [CreateOrganizationName], [ModifyTime], [ModifyUserId], [ModifyUserName], [ModifyOrganizationId], [ModifyOrganizationName]) VALUES (23, N'CUST023', N'农业科技公司', 1, N'行业展会', N'农业科技', N'邵经理', N'13800110023', N'shao@nongye.com', N'潍坊市奎文区东风东街', 2, 2, 2, 1, 1, 62, N'常勇', 1, N'宇宙科技有限公司总部', CAST(N'2025-10-12T14:50:00.000' AS DateTime), CAST(0.00 AS Decimal(18, 2)), 0, NULL, N'B级商机客户，物联网系统项目正在报价', CAST(N'2025-06-23T14:40:00.000' AS DateTime), 1, N'系统管理员', 1, N'宇宙科技有限公司总部', NULL, NULL, NULL, NULL, NULL)
GO
INSERT [dbo].[Customer] ([CustomerId], [CustomerCode], [CustomerName], [CustomerType], [CustomerSource], [Industry], [ContactPerson], [ContactPhone], [ContactEmail], [Address], [CustomerLevel], [CreditStatus], [CustomerStatus], [CustomerTransactionType], [IsPublic], [OwnerUserId], [OwnerUserName], [OwnerOrganizationId], [OwnerOrganizationName], [RecentContactTime], [TotalOrderAmount], [TotalOrderCount], [LastOrderTime], [Remark], [CreateTime], [CreateUserId], [CreateUserName], [CreateOrganizationId], [CreateOrganizationName], [ModifyTime], [ModifyUserId], [ModifyUserName], [ModifyOrganizationId], [ModifyOrganizationName]) VALUES (24, N'CUST024', N'教育培训机构', 1, N'商务合作', N'教育培训', N'孟经理', N'13800110024', N'meng@jiaoyu.com', N'武汉市洪山区珞喻路', 1, 1, 2, 1, 1, 62, N'常勇', 1, N'宇宙科技有限公司总部', CAST(N'2025-07-28T11:15:00.000' AS DateTime), CAST(0.00 AS Decimal(18, 2)), 0, NULL, N'A级商机客户，在线测评系统项目正在洽谈', CAST(N'2025-06-27T09:15:00.000' AS DateTime), 1, N'系统管理员', 1, N'宇宙科技有限公司总部', CAST(N'2025-12-23T15:45:00.000' AS DateTime), 1, N'系统管理员', 1, N'宇宙科技有限公司总部')
GO
INSERT [dbo].[Customer] ([CustomerId], [CustomerCode], [CustomerName], [CustomerType], [CustomerSource], [Industry], [ContactPerson], [ContactPhone], [ContactEmail], [Address], [CustomerLevel], [CreditStatus], [CustomerStatus], [CustomerTransactionType], [IsPublic], [OwnerUserId], [OwnerUserName], [OwnerOrganizationId], [OwnerOrganizationName], [RecentContactTime], [TotalOrderAmount], [TotalOrderCount], [LastOrderTime], [Remark], [CreateTime], [CreateUserId], [CreateUserName], [CreateOrganizationId], [CreateOrganizationName], [ModifyTime], [ModifyUserId], [ModifyUserName], [ModifyOrganizationId], [ModifyOrganizationName]) VALUES (25, N'CUST025', N'证券投资公司', 1, N'广告投放', N'金融服务', N'龙经理', N'13800110025', N'long@zhengquan.com', N'上海市浦东新区陆家嘴', 1, 1, 2, 1, 1, 62, N'常勇', 1, N'宇宙科技有限公司总部', CAST(N'2025-11-25T13:30:00.000' AS DateTime), CAST(0.00 AS Decimal(18, 2)), 0, NULL, N'A级商机客户，量化交易系统项目正在跟进', CAST(N'2025-07-01T15:50:00.000' AS DateTime), 1, N'系统管理员', 1, N'宇宙科技有限公司总部', NULL, NULL, NULL, NULL, NULL)
GO
INSERT [dbo].[Customer] ([CustomerId], [CustomerCode], [CustomerName], [CustomerType], [CustomerSource], [Industry], [ContactPerson], [ContactPhone], [ContactEmail], [Address], [CustomerLevel], [CreditStatus], [CustomerStatus], [CustomerTransactionType], [IsPublic], [OwnerUserId], [OwnerUserName], [OwnerOrganizationId], [OwnerOrganizationName], [RecentContactTime], [TotalOrderAmount], [TotalOrderCount], [LastOrderTime], [Remark], [CreateTime], [CreateUserId], [CreateUserName], [CreateOrganizationId], [CreateOrganizationName], [ModifyTime], [ModifyUserId], [ModifyUserName], [ModifyOrganizationId], [ModifyOrganizationName]) VALUES (26, N'CUST026', N'咨询管理公司', 1, N'商务合作', N'管理咨询', N'苏经理', N'13800110026', N'su@zixun.com', N'合肥市蜀山区黄山路', 1, 1, 2, 1, 1, 62, N'常勇', 1, N'宇宙科技有限公司总部', CAST(N'2025-06-22T16:45:00.000' AS DateTime), CAST(0.00 AS Decimal(18, 2)), 0, NULL, N'A级商机客户，知识库系统项目正在推进', CAST(N'2025-05-18T16:55:00.000' AS DateTime), 1, N'系统管理员', 1, N'宇宙科技有限公司总部', CAST(N'2025-12-28T11:20:00.000' AS DateTime), 1, N'系统管理员', 1, N'宇宙科技有限公司总部')
GO
INSERT [dbo].[Customer] ([CustomerId], [CustomerCode], [CustomerName], [CustomerType], [CustomerSource], [Industry], [ContactPerson], [ContactPhone], [ContactEmail], [Address], [CustomerLevel], [CreditStatus], [CustomerStatus], [CustomerTransactionType], [IsPublic], [OwnerUserId], [OwnerUserName], [OwnerOrganizationId], [OwnerOrganizationName], [RecentContactTime], [TotalOrderAmount], [TotalOrderCount], [LastOrderTime], [Remark], [CreateTime], [CreateUserId], [CreateUserName], [CreateOrganizationId], [CreateOrganizationName], [ModifyTime], [ModifyUserId], [ModifyUserName], [ModifyOrganizationId], [ModifyOrganizationName]) VALUES (27, N'CUST027', N'保险服务有限公司', 1, N'广告投放', N'保险服务', N'魏经理', N'13800110027', N'wei@baoxian.com', N'福州市鼓楼区五四路', 1, 1, 2, 1, 1, 62, N'常勇', 1, N'宇宙科技有限公司总部', CAST(N'2025-10-30T10:15:00.000' AS DateTime), CAST(0.00 AS Decimal(18, 2)), 0, NULL, N'A级商机客户，移动应用开发项目需求明确', CAST(N'2025-05-22T11:40:00.000' AS DateTime), 1, N'系统管理员', 1, N'宇宙科技有限公司总部', NULL, NULL, NULL, NULL, NULL)
GO
INSERT [dbo].[Customer] ([CustomerId], [CustomerCode], [CustomerName], [CustomerType], [CustomerSource], [Industry], [ContactPerson], [ContactPhone], [ContactEmail], [Address], [CustomerLevel], [CreditStatus], [CustomerStatus], [CustomerTransactionType], [IsPublic], [OwnerUserId], [OwnerUserName], [OwnerOrganizationId], [OwnerOrganizationName], [RecentContactTime], [TotalOrderAmount], [TotalOrderCount], [LastOrderTime], [Remark], [CreateTime], [CreateUserId], [CreateUserName], [CreateOrganizationId], [CreateOrganizationName], [ModifyTime], [ModifyUserId], [ModifyUserName], [ModifyOrganizationId], [ModifyOrganizationName]) VALUES (28, N'CUST028', N'机械制造有限公司', 1, N'展会客户', N'机械制造', N'冯经理', N'13800110028', N'feng@jixie.com', N'大连市中山区人民路', 2, 2, 2, 1, 1, 62, N'常勇', 1, N'宇宙科技有限公司总部', CAST(N'2025-05-08T14:15:00.000' AS DateTime), CAST(0.00 AS Decimal(18, 2)), 0, NULL, N'B级商机客户，生产管理系统项目初步沟通', CAST(N'2025-03-12T11:15:00.000' AS DateTime), 1, N'系统管理员', 1, N'宇宙科技有限公司总部', CAST(N'2025-10-22T16:40:00.000' AS DateTime), 1, N'系统管理员', 1, N'宇宙科技有限公司总部')
GO
INSERT [dbo].[Customer] ([CustomerId], [CustomerCode], [CustomerName], [CustomerType], [CustomerSource], [Industry], [ContactPerson], [ContactPhone], [ContactEmail], [Address], [CustomerLevel], [CreditStatus], [CustomerStatus], [CustomerTransactionType], [IsPublic], [OwnerUserId], [OwnerUserName], [OwnerOrganizationId], [OwnerOrganizationName], [RecentContactTime], [TotalOrderAmount], [TotalOrderCount], [LastOrderTime], [Remark], [CreateTime], [CreateUserId], [CreateUserName], [CreateOrganizationId], [CreateOrganizationName], [ModifyTime], [ModifyUserId], [ModifyUserName], [ModifyOrganizationId], [ModifyOrganizationName]) VALUES (29, N'CUST029', N'汽车配件有限公司', 1, N'展会客户', N'汽车制造', N'余经理', N'13800110029', N'yu@qiche.com', N'长春市朝阳区人民大街', 2, 2, 2, 1, 1, 62, N'常勇', 1, N'宇宙科技有限公司总部', CAST(N'2025-06-05T15:10:00.000' AS DateTime), CAST(0.00 AS Decimal(18, 2)), 0, NULL, N'B级商机客户，供应链系统项目正在跟进', CAST(N'2025-04-05T09:30:00.000' AS DateTime), 1, N'系统管理员', 1, N'宇宙科技有限公司总部', CAST(N'2025-10-10T09:50:00.000' AS DateTime), 1, N'系统管理员', 1, N'宇宙科技有限公司总部')
GO
INSERT [dbo].[Customer] ([CustomerId], [CustomerCode], [CustomerName], [CustomerType], [CustomerSource], [Industry], [ContactPerson], [ContactPhone], [ContactEmail], [Address], [CustomerLevel], [CreditStatus], [CustomerStatus], [CustomerTransactionType], [IsPublic], [OwnerUserId], [OwnerUserName], [OwnerOrganizationId], [OwnerOrganizationName], [RecentContactTime], [TotalOrderAmount], [TotalOrderCount], [LastOrderTime], [Remark], [CreateTime], [CreateUserId], [CreateUserName], [CreateOrganizationId], [CreateOrganizationName], [ModifyTime], [ModifyUserId], [ModifyUserName], [ModifyOrganizationId], [ModifyOrganizationName]) VALUES (30, N'CUST030', N'印刷包装公司', 1, N'展会客户', N'印刷包装', N'雷经理', N'13800110030', N'lei@yinshua.com', N'温州市鹿城区车站大道', 2, 2, 2, 1, 1, 62, N'常勇', 1, N'宇宙科技有限公司总部', CAST(N'2025-08-20T15:05:00.000' AS DateTime), CAST(0.00 AS Decimal(18, 2)), 0, NULL, N'B级商机客户，设计管理系统项目需求明确', CAST(N'2025-07-13T10:45:00.000' AS DateTime), 1, N'系统管理员', 1, N'宇宙科技有限公司总部', CAST(N'2025-12-05T14:50:00.000' AS DateTime), 1, N'系统管理员', 1, N'宇宙科技有限公司总部')
GO
SET IDENTITY_INSERT [dbo].[Customer] OFF
GO
SET IDENTITY_INSERT [dbo].[Opportunity] ON 
GO
INSERT [dbo].[Opportunity] ([OpportunityId], [OpportunityCode], [OpportunityName], [CustomerId], [CustomerName], [CustomerType], [OpportunityType], [ProjectBackground], [CustomerNeed], [ExpectedAmount], [ExpectedClosingDate], [WinProbability], [CompetitorInfo], [OpportunityStage], [NeedBid], [BidProjectCode], [SalesOwnerUserId], [SalesOwnerUserName], [SalesOwnerOrganizationId], [SalesOwnerOrganizationName], [CoSalesUserIds], [CoSalesUserNames], [CurrentTask], [NextStep], [Remark], [OpportunityStatus], [CloseReason], [CloseTime], [CreateTime], [CreateUserId], [CreateUserName], [CreateOrganizationId], [CreateOrganizationName], [ModifyTime], [ModifyUserId], [ModifyUserName], [ModifyOrganizationId], [ModifyOrganizationName]) VALUES (1, N'OPP001', N'与腾飞科技有限公司合作项目', 1, N'腾飞科技有限公司', NULL, 1, N'客户计划进行数字化转型，需要全面的解决方案', N'需要ERP系统、CRM系统和数据中台建设', CAST(500000.00 AS Decimal(18, 2)), CAST(N'2026-04-27' AS Date), 50, N'主要竞争对手：用友、金蝶', 2, 1, N'ZB20240001', 60, N'雷刚', 1, N'销售部', NULL, NULL, N'准备初步方案', N'安排客户需求调研会议', N'重点客户，高层关系良好', 1, NULL, NULL, CAST(N'2026-01-27T11:10:25.623' AS DateTime), 60, N'雷刚', 1, N'销售部', NULL, NULL, NULL, NULL, NULL)
GO
INSERT [dbo].[Opportunity] ([OpportunityId], [OpportunityCode], [OpportunityName], [CustomerId], [CustomerName], [CustomerType], [OpportunityType], [ProjectBackground], [CustomerNeed], [ExpectedAmount], [ExpectedClosingDate], [WinProbability], [CompetitorInfo], [OpportunityStage], [NeedBid], [BidProjectCode], [SalesOwnerUserId], [SalesOwnerUserName], [SalesOwnerOrganizationId], [SalesOwnerOrganizationName], [CoSalesUserIds], [CoSalesUserNames], [CurrentTask], [NextStep], [Remark], [OpportunityStatus], [CloseReason], [CloseTime], [CreateTime], [CreateUserId], [CreateUserName], [CreateOrganizationId], [CreateOrganizationName], [ModifyTime], [ModifyUserId], [ModifyUserName], [ModifyOrganizationId], [ModifyOrganizationName]) VALUES (2, N'OPP002', N'创新软件有限公司定制开发项目', 2, N'创新软件有限公司', NULL, 1, N'客户需要定制化软件开发服务', N'需要开发一套项目管理软件', CAST(200000.00 AS Decimal(18, 2)), CAST(N'2026-03-28' AS Date), 60, N'竞争对手：多家本地软件公司', 3, 0, NULL, 60, N'雷刚', 1, N'销售部', NULL, NULL, N'编写技术方案', N'提交项目报价', N'已初步接触技术负责人', 1, NULL, NULL, CAST(N'2026-01-27T11:10:25.623' AS DateTime), 60, N'雷刚', 1, N'销售部', NULL, NULL, NULL, NULL, NULL)
GO
INSERT [dbo].[Opportunity] ([OpportunityId], [OpportunityCode], [OpportunityName], [CustomerId], [CustomerName], [CustomerType], [OpportunityType], [ProjectBackground], [CustomerNeed], [ExpectedAmount], [ExpectedClosingDate], [WinProbability], [CompetitorInfo], [OpportunityStage], [NeedBid], [BidProjectCode], [SalesOwnerUserId], [SalesOwnerUserName], [SalesOwnerOrganizationId], [SalesOwnerOrganizationName], [CoSalesUserIds], [CoSalesUserNames], [CurrentTask], [NextStep], [Remark], [OpportunityStatus], [CloseReason], [CloseTime], [CreateTime], [CreateUserId], [CreateUserName], [CreateOrganizationId], [CreateOrganizationName], [ModifyTime], [ModifyUserId], [ModifyUserName], [ModifyOrganizationId], [ModifyOrganizationName]) VALUES (3, N'OPP003', N'智慧教育集团智慧校园项目', 3, N'智慧教育集团', NULL, 1, N'教育集团数字化转型，建设智慧校园', N'需要智慧教学平台、校园管理系统', CAST(800000.00 AS Decimal(18, 2)), CAST(N'2026-05-27' AS Date), 40, N'竞争对手：华为、腾讯', 2, 1, N'ZB20240002', 60, N'雷刚', 1, N'销售部', NULL, NULL, N'收集客户需求', N'制定解决方案框架', N'项目预算充足，但竞争激烈', 1, NULL, NULL, CAST(N'2026-01-27T11:10:25.623' AS DateTime), 60, N'雷刚', 1, N'销售部', NULL, NULL, NULL, NULL, NULL)
GO
INSERT [dbo].[Opportunity] ([OpportunityId], [OpportunityCode], [OpportunityName], [CustomerId], [CustomerName], [CustomerType], [OpportunityType], [ProjectBackground], [CustomerNeed], [ExpectedAmount], [ExpectedClosingDate], [WinProbability], [CompetitorInfo], [OpportunityStage], [NeedBid], [BidProjectCode], [SalesOwnerUserId], [SalesOwnerUserName], [SalesOwnerOrganizationId], [SalesOwnerOrganizationName], [CoSalesUserIds], [CoSalesUserNames], [CurrentTask], [NextStep], [Remark], [OpportunityStatus], [CloseReason], [CloseTime], [CreateTime], [CreateUserId], [CreateUserName], [CreateOrganizationId], [CreateOrganizationName], [ModifyTime], [ModifyUserId], [ModifyUserName], [ModifyOrganizationId], [ModifyOrganizationName]) VALUES (4, N'OPP004', N'绿色能源公司能源管理系统', 4, N'绿色能源股份有限公司', NULL, 1, N'节能减排政策要求，需要能源管理系统', N'需要能源监控与管理系统', CAST(300000.00 AS Decimal(18, 2)), CAST(N'2026-04-12' AS Date), 70, N'竞争对手：西门子、施耐德', 3, 0, NULL, 60, N'雷刚', 1, N'销售部', NULL, NULL, N'设计系统架构', N'准备产品演示', N'客户技术认可度高', 1, NULL, NULL, CAST(N'2026-01-27T11:10:25.623' AS DateTime), 60, N'雷刚', 1, N'销售部', NULL, NULL, NULL, NULL, NULL)
GO
INSERT [dbo].[Opportunity] ([OpportunityId], [OpportunityCode], [OpportunityName], [CustomerId], [CustomerName], [CustomerType], [OpportunityType], [ProjectBackground], [CustomerNeed], [ExpectedAmount], [ExpectedClosingDate], [WinProbability], [CompetitorInfo], [OpportunityStage], [NeedBid], [BidProjectCode], [SalesOwnerUserId], [SalesOwnerUserName], [SalesOwnerOrganizationId], [SalesOwnerOrganizationName], [CoSalesUserIds], [CoSalesUserNames], [CurrentTask], [NextStep], [Remark], [OpportunityStatus], [CloseReason], [CloseTime], [CreateTime], [CreateUserId], [CreateUserName], [CreateOrganizationId], [CreateOrganizationName], [ModifyTime], [ModifyUserId], [ModifyUserName], [ModifyOrganizationId], [ModifyOrganizationName]) VALUES (5, N'OPP005', N'华美商贸供应链优化项目', 5, N'华美商贸有限公司', NULL, 1, N'客户希望优化供应链管理效率', N'需要供应链管理系统', CAST(250000.00 AS Decimal(18, 2)), CAST(N'2026-03-13' AS Date), 65, N'竞争对手：SAP、Oracle', 4, 0, NULL, 60, N'雷刚', 1, N'销售部', NULL, NULL, N'准备报价单', N'安排客户高层会议', N'已多次沟通，意向明确', 1, NULL, NULL, CAST(N'2026-01-27T11:10:25.623' AS DateTime), 60, N'雷刚', 1, N'销售部', NULL, NULL, NULL, NULL, NULL)
GO
INSERT [dbo].[Opportunity] ([OpportunityId], [OpportunityCode], [OpportunityName], [CustomerId], [CustomerName], [CustomerType], [OpportunityType], [ProjectBackground], [CustomerNeed], [ExpectedAmount], [ExpectedClosingDate], [WinProbability], [CompetitorInfo], [OpportunityStage], [NeedBid], [BidProjectCode], [SalesOwnerUserId], [SalesOwnerUserName], [SalesOwnerOrganizationId], [SalesOwnerOrganizationName], [CoSalesUserIds], [CoSalesUserNames], [CurrentTask], [NextStep], [Remark], [OpportunityStatus], [CloseReason], [CloseTime], [CreateTime], [CreateUserId], [CreateUserName], [CreateOrganizationId], [CreateOrganizationName], [ModifyTime], [ModifyUserId], [ModifyUserName], [ModifyOrganizationId], [ModifyOrganizationName]) VALUES (6, N'OPP006', N'健康医疗信息化建设项目', 6, N'健康医疗有限公司', NULL, 1, N'医疗信息化升级项目', N'需要医院信息管理系统', CAST(600000.00 AS Decimal(18, 2)), CAST(N'2026-05-07' AS Date), 55, N'竞争对手：卫宁、东软', 2, 1, N'ZB20240003', 60, N'雷刚', 1, N'销售部', NULL, NULL, N'调研现有系统', N'制定实施方案', N'医疗行业重点项目', 1, NULL, NULL, CAST(N'2026-01-27T11:10:25.623' AS DateTime), 60, N'雷刚', 1, N'销售部', NULL, NULL, NULL, NULL, NULL)
GO
INSERT [dbo].[Opportunity] ([OpportunityId], [OpportunityCode], [OpportunityName], [CustomerId], [CustomerName], [CustomerType], [OpportunityType], [ProjectBackground], [CustomerNeed], [ExpectedAmount], [ExpectedClosingDate], [WinProbability], [CompetitorInfo], [OpportunityStage], [NeedBid], [BidProjectCode], [SalesOwnerUserId], [SalesOwnerUserName], [SalesOwnerOrganizationId], [SalesOwnerOrganizationName], [CoSalesUserIds], [CoSalesUserNames], [CurrentTask], [NextStep], [Remark], [OpportunityStatus], [CloseReason], [CloseTime], [CreateTime], [CreateUserId], [CreateUserName], [CreateOrganizationId], [CreateOrganizationName], [ModifyTime], [ModifyUserId], [ModifyUserName], [ModifyOrganizationId], [ModifyOrganizationName]) VALUES (7, N'OPP007', N'美味食品生产管理系统', 7, N'美味食品有限公司', NULL, 1, N'食品安全生产监管需求', N'需要生产管理系统和追溯系统', CAST(350000.00 AS Decimal(18, 2)), CAST(N'2026-03-18' AS Date), 75, N'竞争对手：用友、金蝶', 3, 0, NULL, 60, N'雷刚', 1, N'销售部', NULL, NULL, N'准备技术方案', N'安排工厂实地考察', N'已建立初步信任关系', 1, NULL, NULL, CAST(N'2026-01-27T11:10:25.623' AS DateTime), 60, N'雷刚', 1, N'销售部', NULL, NULL, NULL, NULL, NULL)
GO
INSERT [dbo].[Opportunity] ([OpportunityId], [OpportunityCode], [OpportunityName], [CustomerId], [CustomerName], [CustomerType], [OpportunityType], [ProjectBackground], [CustomerNeed], [ExpectedAmount], [ExpectedClosingDate], [WinProbability], [CompetitorInfo], [OpportunityStage], [NeedBid], [BidProjectCode], [SalesOwnerUserId], [SalesOwnerUserName], [SalesOwnerOrganizationId], [SalesOwnerOrganizationName], [CoSalesUserIds], [CoSalesUserNames], [CurrentTask], [NextStep], [Remark], [OpportunityStatus], [CloseReason], [CloseTime], [CreateTime], [CreateUserId], [CreateUserName], [CreateOrganizationId], [CreateOrganizationName], [ModifyTime], [ModifyUserId], [ModifyUserName], [ModifyOrganizationId], [ModifyOrganizationName]) VALUES (8, N'OPP008', N'时尚服饰电商平台项目', 8, N'时尚服饰有限公司', NULL, 1, N'拓展线上销售渠道', N'需要电商平台建设和运营支持', CAST(280000.00 AS Decimal(18, 2)), CAST(N'2026-04-02' AS Date), 60, N'竞争对手：多家电商服务商', 4, 0, NULL, 60, N'雷刚', 1, N'销售部', NULL, NULL, N'准备合同草案', N'安排技术团队对接', N'客户预算已批准', 1, NULL, NULL, CAST(N'2026-01-27T11:10:25.623' AS DateTime), 60, N'雷刚', 1, N'销售部', NULL, NULL, NULL, NULL, NULL)
GO
INSERT [dbo].[Opportunity] ([OpportunityId], [OpportunityCode], [OpportunityName], [CustomerId], [CustomerName], [CustomerType], [OpportunityType], [ProjectBackground], [CustomerNeed], [ExpectedAmount], [ExpectedClosingDate], [WinProbability], [CompetitorInfo], [OpportunityStage], [NeedBid], [BidProjectCode], [SalesOwnerUserId], [SalesOwnerUserName], [SalesOwnerOrganizationId], [SalesOwnerOrganizationName], [CoSalesUserIds], [CoSalesUserNames], [CurrentTask], [NextStep], [Remark], [OpportunityStatus], [CloseReason], [CloseTime], [CreateTime], [CreateUserId], [CreateUserName], [CreateOrganizationId], [CreateOrganizationName], [ModifyTime], [ModifyUserId], [ModifyUserName], [ModifyOrganizationId], [ModifyOrganizationName]) VALUES (9, N'OPP009', N'智能家居云平台项目', 9, N'智能家居有限公司', NULL, 1, N'智能家居产品云服务需求', N'需要物联网云平台', CAST(420000.00 AS Decimal(18, 2)), CAST(N'2026-04-17' AS Date), 45, N'竞争对手：阿里云、腾讯云', 2, 1, N'ZB20240004', 60, N'雷刚', 1, N'销售部', NULL, NULL, N'进行技术评估', N'制定云平台方案', N'技术要求高，需要技术专家支持', 1, NULL, NULL, CAST(N'2026-01-27T11:10:25.623' AS DateTime), 60, N'雷刚', 1, N'销售部', NULL, NULL, NULL, NULL, NULL)
GO
INSERT [dbo].[Opportunity] ([OpportunityId], [OpportunityCode], [OpportunityName], [CustomerId], [CustomerName], [CustomerType], [OpportunityType], [ProjectBackground], [CustomerNeed], [ExpectedAmount], [ExpectedClosingDate], [WinProbability], [CompetitorInfo], [OpportunityStage], [NeedBid], [BidProjectCode], [SalesOwnerUserId], [SalesOwnerUserName], [SalesOwnerOrganizationId], [SalesOwnerOrganizationName], [CoSalesUserIds], [CoSalesUserNames], [CurrentTask], [NextStep], [Remark], [OpportunityStatus], [CloseReason], [CloseTime], [CreateTime], [CreateUserId], [CreateUserName], [CreateOrganizationId], [CreateOrganizationName], [ModifyTime], [ModifyUserId], [ModifyUserName], [ModifyOrganizationId], [ModifyOrganizationName]) VALUES (10, N'OPP010', N'物流运输管理系统项目', 10, N'物流运输有限公司', NULL, 1, N'提升物流运输效率和管理水平', N'需要物流管理系统和车辆调度系统', CAST(380000.00 AS Decimal(18, 2)), CAST(N'2026-04-07' AS Date), 65, N'竞争对手：多家物流软件公司', 3, 0, NULL, 60, N'雷刚', 1, N'销售部', NULL, NULL, N'收集业务流程', N'准备系统演示', N'客户需求明确', 1, NULL, NULL, CAST(N'2026-01-27T11:10:25.623' AS DateTime), 60, N'雷刚', 1, N'销售部', NULL, NULL, NULL, NULL, NULL)
GO
INSERT [dbo].[Opportunity] ([OpportunityId], [OpportunityCode], [OpportunityName], [CustomerId], [CustomerName], [CustomerType], [OpportunityType], [ProjectBackground], [CustomerNeed], [ExpectedAmount], [ExpectedClosingDate], [WinProbability], [CompetitorInfo], [OpportunityStage], [NeedBid], [BidProjectCode], [SalesOwnerUserId], [SalesOwnerUserName], [SalesOwnerOrganizationId], [SalesOwnerOrganizationName], [CoSalesUserIds], [CoSalesUserNames], [CurrentTask], [NextStep], [Remark], [OpportunityStatus], [CloseReason], [CloseTime], [CreateTime], [CreateUserId], [CreateUserName], [CreateOrganizationId], [CreateOrganizationName], [ModifyTime], [ModifyUserId], [ModifyUserName], [ModifyOrganizationId], [ModifyOrganizationName]) VALUES (11, N'OPP011', N'建筑设计院BIM系统项目', 11, N'建筑设计院', NULL, 1, N'建筑设计院BIM技术应用需求', N'需要BIM协同设计平台', CAST(550000.00 AS Decimal(18, 2)), CAST(N'2026-05-02' AS Date), 50, N'竞争对手：Autodesk、广联达', 2, 1, N'ZB20240005', 61, N'钱琳', 1, N'销售部', NULL, NULL, N'调研设计流程', N'制定BIM实施方案', N'技术导向型项目', 1, NULL, NULL, CAST(N'2026-01-27T11:10:25.623' AS DateTime), 61, N'钱琳', 1, N'销售部', NULL, NULL, NULL, NULL, NULL)
GO
INSERT [dbo].[Opportunity] ([OpportunityId], [OpportunityCode], [OpportunityName], [CustomerId], [CustomerName], [CustomerType], [OpportunityType], [ProjectBackground], [CustomerNeed], [ExpectedAmount], [ExpectedClosingDate], [WinProbability], [CompetitorInfo], [OpportunityStage], [NeedBid], [BidProjectCode], [SalesOwnerUserId], [SalesOwnerUserName], [SalesOwnerOrganizationId], [SalesOwnerOrganizationName], [CoSalesUserIds], [CoSalesUserNames], [CurrentTask], [NextStep], [Remark], [OpportunityStatus], [CloseReason], [CloseTime], [CreateTime], [CreateUserId], [CreateUserName], [CreateOrganizationId], [CreateOrganizationName], [ModifyTime], [ModifyUserId], [ModifyUserName], [ModifyOrganizationId], [ModifyOrganizationName]) VALUES (12, N'OPP012', N'金融公司风控系统升级', 12, N'金融服务有限公司', NULL, 1, N'金融监管要求，风控系统升级', N'需要风险控制系统升级', CAST(750000.00 AS Decimal(18, 2)), CAST(N'2026-05-17' AS Date), 40, N'竞争对手：恒生、金证', 2, 1, N'ZB20240006', 61, N'钱琳', 1, N'销售部', NULL, NULL, N'收集监管要求', N'制定风控方案', N'金融行业监管严格', 1, NULL, NULL, CAST(N'2026-01-27T11:10:25.623' AS DateTime), 61, N'钱琳', 1, N'销售部', NULL, NULL, NULL, NULL, NULL)
GO
INSERT [dbo].[Opportunity] ([OpportunityId], [OpportunityCode], [OpportunityName], [CustomerId], [CustomerName], [CustomerType], [OpportunityType], [ProjectBackground], [CustomerNeed], [ExpectedAmount], [ExpectedClosingDate], [WinProbability], [CompetitorInfo], [OpportunityStage], [NeedBid], [BidProjectCode], [SalesOwnerUserId], [SalesOwnerUserName], [SalesOwnerOrganizationId], [SalesOwnerOrganizationName], [CoSalesUserIds], [CoSalesUserNames], [CurrentTask], [NextStep], [Remark], [OpportunityStatus], [CloseReason], [CloseTime], [CreateTime], [CreateUserId], [CreateUserName], [CreateOrganizationId], [CreateOrganizationName], [ModifyTime], [ModifyUserId], [ModifyUserName], [ModifyOrganizationId], [ModifyOrganizationName]) VALUES (13, N'OPP013', N'互联网科技大数据平台', 13, N'互联网科技有限公司', NULL, 1, N'大数据分析和应用需求', N'需要大数据平台建设', CAST(680000.00 AS Decimal(18, 2)), CAST(N'2026-04-22' AS Date), 55, N'竞争对手：阿里云、华为云', 3, 0, NULL, 61, N'钱琳', 1, N'销售部', NULL, NULL, N'数据需求分析', N'准备技术架构方案', N'客户技术团队专业', 1, NULL, NULL, CAST(N'2026-01-27T11:10:25.623' AS DateTime), 61, N'钱琳', 1, N'销售部', NULL, NULL, NULL, NULL, NULL)
GO
INSERT [dbo].[Opportunity] ([OpportunityId], [OpportunityCode], [OpportunityName], [CustomerId], [CustomerName], [CustomerType], [OpportunityType], [ProjectBackground], [CustomerNeed], [ExpectedAmount], [ExpectedClosingDate], [WinProbability], [CompetitorInfo], [OpportunityStage], [NeedBid], [BidProjectCode], [SalesOwnerUserId], [SalesOwnerUserName], [SalesOwnerOrganizationId], [SalesOwnerOrganizationName], [CoSalesUserIds], [CoSalesUserNames], [CurrentTask], [NextStep], [Remark], [OpportunityStatus], [CloseReason], [CloseTime], [CreateTime], [CreateUserId], [CreateUserName], [CreateOrganizationId], [CreateOrganizationName], [ModifyTime], [ModifyUserId], [ModifyUserName], [ModifyOrganizationId], [ModifyOrganizationName]) VALUES (14, N'OPP014', N'餐饮连锁信息化项目', 14, N'餐饮连锁有限公司', NULL, 1, N'连锁餐饮管理信息化', N'需要连锁餐饮管理系统', CAST(320000.00 AS Decimal(18, 2)), CAST(N'2026-03-23' AS Date), 70, N'竞争对手：客如云、美味不用等', 4, 0, NULL, 61, N'钱琳', 1, N'销售部', NULL, NULL, N'准备产品演示', N'安排试点门店测试', N'已有多家门店需求', 1, NULL, NULL, CAST(N'2026-01-27T11:10:25.623' AS DateTime), 61, N'钱琳', 1, N'销售部', NULL, NULL, NULL, NULL, NULL)
GO
INSERT [dbo].[Opportunity] ([OpportunityId], [OpportunityCode], [OpportunityName], [CustomerId], [CustomerName], [CustomerType], [OpportunityType], [ProjectBackground], [CustomerNeed], [ExpectedAmount], [ExpectedClosingDate], [WinProbability], [CompetitorInfo], [OpportunityStage], [NeedBid], [BidProjectCode], [SalesOwnerUserId], [SalesOwnerUserName], [SalesOwnerOrganizationId], [SalesOwnerOrganizationName], [CoSalesUserIds], [CoSalesUserNames], [CurrentTask], [NextStep], [Remark], [OpportunityStatus], [CloseReason], [CloseTime], [CreateTime], [CreateUserId], [CreateUserName], [CreateOrganizationId], [CreateOrganizationName], [ModifyTime], [ModifyUserId], [ModifyUserName], [ModifyOrganizationId], [ModifyOrganizationName]) VALUES (15, N'OPP015', N'环保科技监测系统', 15, N'环保科技有限公司', NULL, 1, N'环保监测设备数据管理', N'需要环境监测数据平台', CAST(290000.00 AS Decimal(18, 2)), CAST(N'2026-03-28' AS Date), 65, N'竞争对手：多家环保软件公司', 3, 0, NULL, 61, N'钱琳', 1, N'销售部', NULL, NULL, N'了解监测需求', N'设计数据采集方案', N'政策支持项目', 1, NULL, NULL, CAST(N'2026-01-27T11:10:25.623' AS DateTime), 61, N'钱琳', 1, N'销售部', NULL, NULL, NULL, NULL, NULL)
GO
INSERT [dbo].[Opportunity] ([OpportunityId], [OpportunityCode], [OpportunityName], [CustomerId], [CustomerName], [CustomerType], [OpportunityType], [ProjectBackground], [CustomerNeed], [ExpectedAmount], [ExpectedClosingDate], [WinProbability], [CompetitorInfo], [OpportunityStage], [NeedBid], [BidProjectCode], [SalesOwnerUserId], [SalesOwnerUserName], [SalesOwnerOrganizationId], [SalesOwnerOrganizationName], [CoSalesUserIds], [CoSalesUserNames], [CurrentTask], [NextStep], [Remark], [OpportunityStatus], [CloseReason], [CloseTime], [CreateTime], [CreateUserId], [CreateUserName], [CreateOrganizationId], [CreateOrganizationName], [ModifyTime], [ModifyUserId], [ModifyUserName], [ModifyOrganizationId], [ModifyOrganizationName]) VALUES (16, N'OPP016', N'律师事务所管理系统', 16, N'律师事务所', NULL, 1, N'律师事务所管理信息化', N'需要律所案件管理系统', CAST(180000.00 AS Decimal(18, 2)), CAST(N'2026-03-08' AS Date), 75, N'竞争对手：法大大、e签宝', 5, 0, NULL, 61, N'钱琳', 1, N'销售部', NULL, NULL, N'进行合同谈判', N'准备实施计划', N'已经达成初步合作意向', 1, NULL, NULL, CAST(N'2026-01-27T11:10:25.623' AS DateTime), 61, N'钱琳', 1, N'销售部', NULL, NULL, NULL, NULL, NULL)
GO
INSERT [dbo].[Opportunity] ([OpportunityId], [OpportunityCode], [OpportunityName], [CustomerId], [CustomerName], [CustomerType], [OpportunityType], [ProjectBackground], [CustomerNeed], [ExpectedAmount], [ExpectedClosingDate], [WinProbability], [CompetitorInfo], [OpportunityStage], [NeedBid], [BidProjectCode], [SalesOwnerUserId], [SalesOwnerUserName], [SalesOwnerOrganizationId], [SalesOwnerOrganizationName], [CoSalesUserIds], [CoSalesUserNames], [CurrentTask], [NextStep], [Remark], [OpportunityStatus], [CloseReason], [CloseTime], [CreateTime], [CreateUserId], [CreateUserName], [CreateOrganizationId], [CreateOrganizationName], [ModifyTime], [ModifyUserId], [ModifyUserName], [ModifyOrganizationId], [ModifyOrganizationName]) VALUES (17, N'OPP017', N'房地产销售管理系统', 17, N'房地产开发公司', NULL, 1, N'房地产销售管理需求', N'需要售楼管理系统', CAST(450000.00 AS Decimal(18, 2)), CAST(N'2026-04-12' AS Date), 60, N'竞争对手：明源、思源', 3, 0, NULL, 61, N'钱琳', 1, N'销售部', NULL, NULL, N'收集销售流程', N'准备系统演示', N'客户新项目即将启动', 1, NULL, NULL, CAST(N'2026-01-27T11:10:25.623' AS DateTime), 61, N'钱琳', 1, N'销售部', NULL, NULL, NULL, NULL, NULL)
GO
INSERT [dbo].[Opportunity] ([OpportunityId], [OpportunityCode], [OpportunityName], [CustomerId], [CustomerName], [CustomerType], [OpportunityType], [ProjectBackground], [CustomerNeed], [ExpectedAmount], [ExpectedClosingDate], [WinProbability], [CompetitorInfo], [OpportunityStage], [NeedBid], [BidProjectCode], [SalesOwnerUserId], [SalesOwnerUserName], [SalesOwnerOrganizationId], [SalesOwnerOrganizationName], [CoSalesUserIds], [CoSalesUserNames], [CurrentTask], [NextStep], [Remark], [OpportunityStatus], [CloseReason], [CloseTime], [CreateTime], [CreateUserId], [CreateUserName], [CreateOrganizationId], [CreateOrganizationName], [ModifyTime], [ModifyUserId], [ModifyUserName], [ModifyOrganizationId], [ModifyOrganizationName]) VALUES (18, N'OPP018', N'电子制造MES系统', 18, N'电子制造有限公司', NULL, 1, N'生产制造执行系统需求', N'需要MES系统', CAST(520000.00 AS Decimal(18, 2)), CAST(N'2026-04-27' AS Date), 50, N'竞争对手：西门子、罗克韦尔', 2, 1, N'ZB20240007', 61, N'钱琳', 1, N'销售部', NULL, NULL, N'工厂调研', N'制定MES实施方案', N'智能制造重点项目', 1, NULL, NULL, CAST(N'2026-01-27T11:10:25.623' AS DateTime), 61, N'钱琳', 1, N'销售部', NULL, NULL, NULL, NULL, NULL)
GO
INSERT [dbo].[Opportunity] ([OpportunityId], [OpportunityCode], [OpportunityName], [CustomerId], [CustomerName], [CustomerType], [OpportunityType], [ProjectBackground], [CustomerNeed], [ExpectedAmount], [ExpectedClosingDate], [WinProbability], [CompetitorInfo], [OpportunityStage], [NeedBid], [BidProjectCode], [SalesOwnerUserId], [SalesOwnerUserName], [SalesOwnerOrganizationId], [SalesOwnerOrganizationName], [CoSalesUserIds], [CoSalesUserNames], [CurrentTask], [NextStep], [Remark], [OpportunityStatus], [CloseReason], [CloseTime], [CreateTime], [CreateUserId], [CreateUserName], [CreateOrganizationId], [CreateOrganizationName], [ModifyTime], [ModifyUserId], [ModifyUserName], [ModifyOrganizationId], [ModifyOrganizationName]) VALUES (19, N'OPP019', N'化工安全生产系统', 19, N'化工有限公司', NULL, 1, N'化工安全生产管理', N'需要安全生产管理系统', CAST(380000.00 AS Decimal(18, 2)), CAST(N'2026-04-07' AS Date), 65, N'竞争对手：多家安全系统供应商', 4, 0, NULL, 61, N'钱琳', 1, N'销售部', NULL, NULL, N'准备报价方案', N'安排安全专家交流', N'安监部门要求项目', 1, NULL, NULL, CAST(N'2026-01-27T11:10:25.623' AS DateTime), 61, N'钱琳', 1, N'销售部', NULL, NULL, NULL, NULL, NULL)
GO
INSERT [dbo].[Opportunity] ([OpportunityId], [OpportunityCode], [OpportunityName], [CustomerId], [CustomerName], [CustomerType], [OpportunityType], [ProjectBackground], [CustomerNeed], [ExpectedAmount], [ExpectedClosingDate], [WinProbability], [CompetitorInfo], [OpportunityStage], [NeedBid], [BidProjectCode], [SalesOwnerUserId], [SalesOwnerUserName], [SalesOwnerOrganizationId], [SalesOwnerOrganizationName], [CoSalesUserIds], [CoSalesUserNames], [CurrentTask], [NextStep], [Remark], [OpportunityStatus], [CloseReason], [CloseTime], [CreateTime], [CreateUserId], [CreateUserName], [CreateOrganizationId], [CreateOrganizationName], [ModifyTime], [ModifyUserId], [ModifyUserName], [ModifyOrganizationId], [ModifyOrganizationName]) VALUES (20, N'OPP020', N'建筑工程项目管理', 20, N'建筑工程公司', NULL, 1, N'工程项目管理信息化', N'需要工程项目管理系统', CAST(480000.00 AS Decimal(18, 2)), CAST(N'2026-04-22' AS Date), 55, N'竞争对手：广联达、新中大', 3, 0, NULL, 61, N'钱琳', 1, N'销售部', NULL, NULL, N'了解工程流程', N'设计项目管理系统', N'客户有多个在建项目', 1, NULL, NULL, CAST(N'2026-01-27T11:10:25.623' AS DateTime), 61, N'钱琳', 1, N'销售部', NULL, NULL, NULL, NULL, NULL)
GO
INSERT [dbo].[Opportunity] ([OpportunityId], [OpportunityCode], [OpportunityName], [CustomerId], [CustomerName], [CustomerType], [OpportunityType], [ProjectBackground], [CustomerNeed], [ExpectedAmount], [ExpectedClosingDate], [WinProbability], [CompetitorInfo], [OpportunityStage], [NeedBid], [BidProjectCode], [SalesOwnerUserId], [SalesOwnerUserName], [SalesOwnerOrganizationId], [SalesOwnerOrganizationName], [CoSalesUserIds], [CoSalesUserNames], [CurrentTask], [NextStep], [Remark], [OpportunityStatus], [CloseReason], [CloseTime], [CreateTime], [CreateUserId], [CreateUserName], [CreateOrganizationId], [CreateOrganizationName], [ModifyTime], [ModifyUserId], [ModifyUserName], [ModifyOrganizationId], [ModifyOrganizationName]) VALUES (21, N'OPP021', N'生物科技研发管理系统', 21, N'生物科技公司', NULL, 1, N'研发过程管理需求', N'需要研发管理系统', CAST(620000.00 AS Decimal(18, 2)), CAST(N'2026-05-07' AS Date), 45, N'竞争对手：多家研发管理软件公司', 2, 1, N'ZB20240008', 62, N'常勇', 1, N'销售部', NULL, NULL, N'调研研发流程', N'制定管理方案', N'高技术含量项目', 1, NULL, NULL, CAST(N'2026-01-27T11:10:25.623' AS DateTime), 62, N'常勇', 1, N'销售部', NULL, NULL, NULL, NULL, NULL)
GO
INSERT [dbo].[Opportunity] ([OpportunityId], [OpportunityCode], [OpportunityName], [CustomerId], [CustomerName], [CustomerType], [OpportunityType], [ProjectBackground], [CustomerNeed], [ExpectedAmount], [ExpectedClosingDate], [WinProbability], [CompetitorInfo], [OpportunityStage], [NeedBid], [BidProjectCode], [SalesOwnerUserId], [SalesOwnerUserName], [SalesOwnerOrganizationId], [SalesOwnerOrganizationName], [CoSalesUserIds], [CoSalesUserNames], [CurrentTask], [NextStep], [Remark], [OpportunityStatus], [CloseReason], [CloseTime], [CreateTime], [CreateUserId], [CreateUserName], [CreateOrganizationId], [CreateOrganizationName], [ModifyTime], [ModifyUserId], [ModifyUserName], [ModifyOrganizationId], [ModifyOrganizationName]) VALUES (22, N'OPP022', N'零售连锁POS系统升级', 22, N'零售连锁公司', NULL, 1, N'零售门店系统升级换代', N'需要新一代POS系统', CAST(350000.00 AS Decimal(18, 2)), CAST(N'2026-03-28' AS Date), 70, N'竞争对手：多家零售软件公司', 4, 0, NULL, 62, N'常勇', 1, N'销售部', NULL, NULL, N'准备实施计划', N'安排试点门店', N'客户有50+门店需要升级', 1, NULL, NULL, CAST(N'2026-01-27T11:10:25.623' AS DateTime), 62, N'常勇', 1, N'销售部', NULL, NULL, NULL, NULL, NULL)
GO
INSERT [dbo].[Opportunity] ([OpportunityId], [OpportunityCode], [OpportunityName], [CustomerId], [CustomerName], [CustomerType], [OpportunityType], [ProjectBackground], [CustomerNeed], [ExpectedAmount], [ExpectedClosingDate], [WinProbability], [CompetitorInfo], [OpportunityStage], [NeedBid], [BidProjectCode], [SalesOwnerUserId], [SalesOwnerUserName], [SalesOwnerOrganizationId], [SalesOwnerOrganizationName], [CoSalesUserIds], [CoSalesUserNames], [CurrentTask], [NextStep], [Remark], [OpportunityStatus], [CloseReason], [CloseTime], [CreateTime], [CreateUserId], [CreateUserName], [CreateOrganizationId], [CreateOrganizationName], [ModifyTime], [ModifyUserId], [ModifyUserName], [ModifyOrganizationId], [ModifyOrganizationName]) VALUES (23, N'OPP023', N'农业科技智慧农业项目', 23, N'农业科技公司', NULL, 1, N'智慧农业示范基地建设', N'需要智慧农业物联网系统', CAST(410000.00 AS Decimal(18, 2)), CAST(N'2026-04-17' AS Date), 60, N'竞争对手：多家农业科技公司', 3, 0, NULL, 62, N'常勇', 1, N'销售部', NULL, NULL, N'设计物联网方案', N'准备示范基地方案', N'政府补贴项目', 1, NULL, NULL, CAST(N'2026-01-27T11:10:25.623' AS DateTime), 62, N'常勇', 1, N'销售部', NULL, NULL, NULL, NULL, NULL)
GO
INSERT [dbo].[Opportunity] ([OpportunityId], [OpportunityCode], [OpportunityName], [CustomerId], [CustomerName], [CustomerType], [OpportunityType], [ProjectBackground], [CustomerNeed], [ExpectedAmount], [ExpectedClosingDate], [WinProbability], [CompetitorInfo], [OpportunityStage], [NeedBid], [BidProjectCode], [SalesOwnerUserId], [SalesOwnerUserName], [SalesOwnerOrganizationId], [SalesOwnerOrganizationName], [CoSalesUserIds], [CoSalesUserNames], [CurrentTask], [NextStep], [Remark], [OpportunityStatus], [CloseReason], [CloseTime], [CreateTime], [CreateUserId], [CreateUserName], [CreateOrganizationId], [CreateOrganizationName], [ModifyTime], [ModifyUserId], [ModifyUserName], [ModifyOrganizationId], [ModifyOrganizationName]) VALUES (24, N'OPP024', N'教育培训在线平台', 24, N'教育培训机构', NULL, 1, N'在线教育平台建设', N'需要在线教学平台', CAST(270000.00 AS Decimal(18, 2)), CAST(N'2026-03-18' AS Date), 65, N'竞争对手：腾讯课堂、小鹅通', 4, 0, NULL, 62, N'常勇', 1, N'销售部', NULL, NULL, N'准备平台演示', N'安排客户体验测试', N'疫情后在线教育需求增长', 1, NULL, NULL, CAST(N'2026-01-27T11:10:25.623' AS DateTime), 62, N'常勇', 1, N'销售部', NULL, NULL, NULL, NULL, NULL)
GO
INSERT [dbo].[Opportunity] ([OpportunityId], [OpportunityCode], [OpportunityName], [CustomerId], [CustomerName], [CustomerType], [OpportunityType], [ProjectBackground], [CustomerNeed], [ExpectedAmount], [ExpectedClosingDate], [WinProbability], [CompetitorInfo], [OpportunityStage], [NeedBid], [BidProjectCode], [SalesOwnerUserId], [SalesOwnerUserName], [SalesOwnerOrganizationId], [SalesOwnerOrganizationName], [CoSalesUserIds], [CoSalesUserNames], [CurrentTask], [NextStep], [Remark], [OpportunityStatus], [CloseReason], [CloseTime], [CreateTime], [CreateUserId], [CreateUserName], [CreateOrganizationId], [CreateOrganizationName], [ModifyTime], [ModifyUserId], [ModifyUserName], [ModifyOrganizationId], [ModifyOrganizationName]) VALUES (25, N'OPP025', N'证券投资交易系统', 25, N'证券投资公司', NULL, 1, N'证券交易系统升级', N'需要投资交易系统', CAST(890000.00 AS Decimal(18, 2)), CAST(N'2026-05-27' AS Date), 35, N'竞争对手：恒生、金证', 2, 1, N'ZB20240009', 62, N'常勇', 1, N'销售部', NULL, NULL, N'收集交易需求', N'制定系统架构', N'金融核心系统，要求高', 1, NULL, NULL, CAST(N'2026-01-27T11:10:25.623' AS DateTime), 62, N'常勇', 1, N'销售部', NULL, NULL, NULL, NULL, NULL)
GO
INSERT [dbo].[Opportunity] ([OpportunityId], [OpportunityCode], [OpportunityName], [CustomerId], [CustomerName], [CustomerType], [OpportunityType], [ProjectBackground], [CustomerNeed], [ExpectedAmount], [ExpectedClosingDate], [WinProbability], [CompetitorInfo], [OpportunityStage], [NeedBid], [BidProjectCode], [SalesOwnerUserId], [SalesOwnerUserName], [SalesOwnerOrganizationId], [SalesOwnerOrganizationName], [CoSalesUserIds], [CoSalesUserNames], [CurrentTask], [NextStep], [Remark], [OpportunityStatus], [CloseReason], [CloseTime], [CreateTime], [CreateUserId], [CreateUserName], [CreateOrganizationId], [CreateOrganizationName], [ModifyTime], [ModifyUserId], [ModifyUserName], [ModifyOrganizationId], [ModifyOrganizationName]) VALUES (26, N'OPP026', N'咨询公司知识管理系统', 26, N'咨询管理公司', NULL, 1, N'知识管理和分享平台', N'需要知识管理系统', CAST(220000.00 AS Decimal(18, 2)), CAST(N'2026-03-13' AS Date), 75, N'竞争对手：多家知识管理软件', 5, 0, NULL, 62, N'常勇', 1, N'销售部', NULL, NULL, N'合同细节沟通', N'准备实施团队', N'已基本确定合作', 1, NULL, NULL, CAST(N'2026-01-27T11:10:25.623' AS DateTime), 62, N'常勇', 1, N'销售部', NULL, NULL, NULL, NULL, NULL)
GO
INSERT [dbo].[Opportunity] ([OpportunityId], [OpportunityCode], [OpportunityName], [CustomerId], [CustomerName], [CustomerType], [OpportunityType], [ProjectBackground], [CustomerNeed], [ExpectedAmount], [ExpectedClosingDate], [WinProbability], [CompetitorInfo], [OpportunityStage], [NeedBid], [BidProjectCode], [SalesOwnerUserId], [SalesOwnerUserName], [SalesOwnerOrganizationId], [SalesOwnerOrganizationName], [CoSalesUserIds], [CoSalesUserNames], [CurrentTask], [NextStep], [Remark], [OpportunityStatus], [CloseReason], [CloseTime], [CreateTime], [CreateUserId], [CreateUserName], [CreateOrganizationId], [CreateOrganizationName], [ModifyTime], [ModifyUserId], [ModifyUserName], [ModifyOrganizationId], [ModifyOrganizationName]) VALUES (27, N'OPP027', N'保险理赔系统优化', 27, N'保险服务有限公司', NULL, 1, N'保险理赔流程优化', N'需要理赔系统升级', CAST(580000.00 AS Decimal(18, 2)), CAST(N'2026-05-02' AS Date), 50, N'竞争对手：中科软、易保', 3, 0, NULL, 62, N'常勇', 1, N'销售部', NULL, NULL, N'分析理赔流程', N'设计优化方案', N'客户每年理赔量大', 1, NULL, NULL, CAST(N'2026-01-27T11:10:25.623' AS DateTime), 62, N'常勇', 1, N'销售部', NULL, NULL, NULL, NULL, NULL)
GO
INSERT [dbo].[Opportunity] ([OpportunityId], [OpportunityCode], [OpportunityName], [CustomerId], [CustomerName], [CustomerType], [OpportunityType], [ProjectBackground], [CustomerNeed], [ExpectedAmount], [ExpectedClosingDate], [WinProbability], [CompetitorInfo], [OpportunityStage], [NeedBid], [BidProjectCode], [SalesOwnerUserId], [SalesOwnerUserName], [SalesOwnerOrganizationId], [SalesOwnerOrganizationName], [CoSalesUserIds], [CoSalesUserNames], [CurrentTask], [NextStep], [Remark], [OpportunityStatus], [CloseReason], [CloseTime], [CreateTime], [CreateUserId], [CreateUserName], [CreateOrganizationId], [CreateOrganizationName], [ModifyTime], [ModifyUserId], [ModifyUserName], [ModifyOrganizationId], [ModifyOrganizationName]) VALUES (28, N'OPP028', N'机械制造ERP系统', 28, N'机械制造有限公司', NULL, 1, N'企业资源计划系统建设', N'需要ERP系统实施', CAST(720000.00 AS Decimal(18, 2)), CAST(N'2026-05-17' AS Date), 45, N'竞争对手：SAP、用友', 2, 1, N'ZB20240010', 62, N'常勇', 1, N'销售部', NULL, NULL, N'企业现状调研', N'制定ERP实施规划', N'大型制造企业，项目复杂', 1, NULL, NULL, CAST(N'2026-01-27T11:10:25.623' AS DateTime), 62, N'常勇', 1, N'销售部', NULL, NULL, NULL, NULL, NULL)
GO
INSERT [dbo].[Opportunity] ([OpportunityId], [OpportunityCode], [OpportunityName], [CustomerId], [CustomerName], [CustomerType], [OpportunityType], [ProjectBackground], [CustomerNeed], [ExpectedAmount], [ExpectedClosingDate], [WinProbability], [CompetitorInfo], [OpportunityStage], [NeedBid], [BidProjectCode], [SalesOwnerUserId], [SalesOwnerUserName], [SalesOwnerOrganizationId], [SalesOwnerOrganizationName], [CoSalesUserIds], [CoSalesUserNames], [CurrentTask], [NextStep], [Remark], [OpportunityStatus], [CloseReason], [CloseTime], [CreateTime], [CreateUserId], [CreateUserName], [CreateOrganizationId], [CreateOrganizationName], [ModifyTime], [ModifyUserId], [ModifyUserName], [ModifyOrganizationId], [ModifyOrganizationName]) VALUES (29, N'OPP029', N'汽车配件供应链系统', 29, N'汽车配件有限公司', NULL, 1, N'供应链协同管理需求', N'需要供应链协同平台', CAST(330000.00 AS Decimal(18, 2)), CAST(N'2026-04-02' AS Date), 65, N'竞争对手：多家供应链软件公司', 4, 0, NULL, 62, N'常勇', 1, N'销售部', NULL, NULL, N'准备协同方案', N'安排供应商对接', N'客户有多家上下游企业', 1, NULL, NULL, CAST(N'2026-01-27T11:10:25.623' AS DateTime), 62, N'常勇', 1, N'销售部', NULL, NULL, NULL, NULL, NULL)
GO
INSERT [dbo].[Opportunity] ([OpportunityId], [OpportunityCode], [OpportunityName], [CustomerId], [CustomerName], [CustomerType], [OpportunityType], [ProjectBackground], [CustomerNeed], [ExpectedAmount], [ExpectedClosingDate], [WinProbability], [CompetitorInfo], [OpportunityStage], [NeedBid], [BidProjectCode], [SalesOwnerUserId], [SalesOwnerUserName], [SalesOwnerOrganizationId], [SalesOwnerOrganizationName], [CoSalesUserIds], [CoSalesUserNames], [CurrentTask], [NextStep], [Remark], [OpportunityStatus], [CloseReason], [CloseTime], [CreateTime], [CreateUserId], [CreateUserName], [CreateOrganizationId], [CreateOrganizationName], [ModifyTime], [ModifyUserId], [ModifyUserName], [ModifyOrganizationId], [ModifyOrganizationName]) VALUES (30, N'OPP030', N'印刷包装生产管理', 30, N'印刷包装公司', NULL, 1, N'生产排程和进度管理', N'需要生产管理系统', CAST(260000.00 AS Decimal(18, 2)), CAST(N'2026-03-23' AS Date), 70, N'竞争对手：多家行业软件公司', 3, 0, NULL, 62, N'常勇', 1, N'销售部', NULL, NULL, N'了解生产工艺', N'设计排产方案', N'客户希望提高生产效率', 1, NULL, NULL, CAST(N'2026-01-27T11:10:25.623' AS DateTime), 62, N'常勇', 1, N'销售部', NULL, NULL, NULL, NULL, NULL)
GO
SET IDENTITY_INSERT [dbo].[Opportunity] OFF
GO
SET IDENTITY_INSERT [dbo].[ProjectApproval] ON 
GO
INSERT [dbo].[ProjectApproval] ([ProjectApprovalId], [ProjectApprovalCode], [ReferenceType], [ReferenceId], [ReferenceCode], [OpportunityId], [OpportunityCode], [CustomerId], [CustomerName], [ProjectName], [ProjectBackground], [CustomerDemand], [SolutionOverview], [EstimatedAmount], [EstimatedCost], [EstimatedProfit], [ProfitMargin], [ResourceRequirements], [ImplementationPeriod], [RiskAnalysis], [RiskMitigationMeasures], [SalesDepartmentOpinion], [TechnicalDepartmentOpinion], [FinanceDepartmentOpinion], [ManagementOpinion], [ApprovalStatus], [CurrentApprovalStage], [ApprovalFlowId], [FinalApproverUserId], [FinalApproverUserName], [FinalApprovalTime], [ApprovalComment], [IsUrgent], [UrgentReason], [Remark], [CreateTime], [CreateUserId], [CreateUserName], [CreateOrganizationId], [CreateOrganizationName], [ModifyTime], [ModifyUserId], [ModifyUserName], [ModifyOrganizationId], [ModifyOrganizationName]) VALUES (1, N'PA001', 2, 1, N'BID001', 1, N'OPP001', 1, N'腾飞科技有限公司', N'腾飞科技数字化转型项目', N'随着数字化时代的到来，腾飞科技有限公司作为传统制造企业，面临数字化转型的迫切需求。公司希望通过数字化手段提升生产效率、优化管理流程、增强市场竞争力。', N'1. 需要ERP系统实现财务、供应链、生产一体化管理\n2. 需要CRM系统提升客户关系管理能力\n3. 需要数据中台实现数据整合与分析\n4. 需要移动办公平台支持远程协作', N'本项目将采用"平台+应用"的模式，基于我公司成熟的数字化平台，结合腾飞科技的具体业务需求，定制开发ERP、CRM和数据中台三大核心系统。实施过程将分为需求调研、方案设计、开发实施、测试验收和上线支持五个阶段。', CAST(500000.00 AS Decimal(18, 2)), CAST(350000.00 AS Decimal(18, 2)), CAST(150000.00 AS Decimal(18, 2)), CAST(30.00 AS Decimal(5, 2)), N'项目经理1名，技术架构师1名，开发工程师3名，测试工程师1名，实施顾问2名', N'62个工作日（6个月）', N'1. 客户需求可能变更，导致项目范围蔓延\n2. 与客户现有系统的集成可能存在技术风险\n3. 项目周期较长，人员稳定性需要关注\n4. 客户内部可能对变革有抵触情绪', N'1. 建立变更控制流程，严格控制需求变更\n2. 提前进行技术预研和接口测试\n3. 制定详细的项目计划和人员备份方案\n4. 加强沟通和培训，提升用户接受度', N'该项目是公司重点关注的数字化项目，客户预算充足，关系良好，建议立项。', N'技术方案可行，架构设计合理，能够满足客户需求，建议立项。', N'项目利润率达到30%，符合公司财务要求，现金流安排合理，建议立项。', N'该项目符合公司战略方向，有助于积累制造行业经验，批准立项。', 6, 5, 1, 105, N'王明总监', CAST(N'2026-01-25T11:10:33.570' AS DateTime), N'项目符合公司战略方向，各部门意见一致，同意立项。', 0, NULL, N'该项目是公司在制造行业数字化转型的重点项目，需要高质量完成。', CAST(N'2026-01-27T11:10:33.570' AS DateTime), 60, N'雷刚', 1, N'销售部', NULL, NULL, NULL, NULL, NULL)
GO
INSERT [dbo].[ProjectApproval] ([ProjectApprovalId], [ProjectApprovalCode], [ReferenceType], [ReferenceId], [ReferenceCode], [OpportunityId], [OpportunityCode], [CustomerId], [CustomerName], [ProjectName], [ProjectBackground], [CustomerDemand], [SolutionOverview], [EstimatedAmount], [EstimatedCost], [EstimatedProfit], [ProfitMargin], [ResourceRequirements], [ImplementationPeriod], [RiskAnalysis], [RiskMitigationMeasures], [SalesDepartmentOpinion], [TechnicalDepartmentOpinion], [FinanceDepartmentOpinion], [ManagementOpinion], [ApprovalStatus], [CurrentApprovalStage], [ApprovalFlowId], [FinalApproverUserId], [FinalApproverUserName], [FinalApprovalTime], [ApprovalComment], [IsUrgent], [UrgentReason], [Remark], [CreateTime], [CreateUserId], [CreateUserName], [CreateOrganizationId], [CreateOrganizationName], [ModifyTime], [ModifyUserId], [ModifyUserName], [ModifyOrganizationId], [ModifyOrganizationName]) VALUES (2, N'PA002', 2, 2, N'BID002', 3, N'OPP003', 3, N'智慧教育集团', N'智慧教育集团智慧校园建设项目', N'智慧教育集团作为大型教育机构，响应国家教育信息化2.0行动计划，计划建设智慧校园，提升教学质量和学校管理效率。', N'1. 需要智慧教学平台支持线上线下混合式教学\n2. 需要校园管理系统实现教务、学工、后勤一体化管理\n3. 需要数据中心整合各类教育数据\n4. 需要网络安全保障体系', N'本项目将构建"1+3+N"的智慧校园体系，即1个数据中心，3个核心平台（教学平台、管理平台、服务平台），N个智慧应用场景。采用云计算、大数据、物联网等先进技术，打造可扩展的智慧校园生态。', CAST(800000.00 AS Decimal(18, 2)), CAST(560000.00 AS Decimal(18, 2)), CAST(240000.00 AS Decimal(18, 2)), CAST(30.00 AS Decimal(5, 2)), N'项目经理1名，教育行业顾问2名，架构师2名，开发工程师5名，测试工程师2名，实施工程师3名', N'240个工作日（8个月）', N'1. 项目涉及多个校区，协调难度大\n2. 教育行业政策变化快，需求可能调整\n3. 数据安全和隐私保护要求高\n4. 与第三方教育平台对接复杂', N'1. 建立多校区沟通协调机制\n2. 保持与教育主管部门的沟通，及时了解政策动向\n3. 制定严格的数据安全和隐私保护方案\n4. 提前规划接口标准，预留扩展能力', N'该项目是教育行业的标杆项目，有助于公司在教育信息化领域建立品牌影响力，建议立项。', N'技术方案先进，能够满足智慧校园的多样化需求，建议立项。', N'项目规模较大，利润率合理，资金回收周期较长但风险可控，建议立项。', N'教育信息化是公司重点拓展的行业，该项目具有示范效应，批准立项。', 6, 5, 2, 105, N'王明总监', CAST(N'2026-01-24T11:10:33.570' AS DateTime), N'项目具有行业示范意义，技术方案成熟，同意立项。', 0, NULL, N'该项目需要重点关注数据安全和隐私保护，确保符合教育行业规范。', CAST(N'2026-01-27T11:10:33.570' AS DateTime), 60, N'雷刚', 1, N'销售部', NULL, NULL, NULL, NULL, NULL)
GO
INSERT [dbo].[ProjectApproval] ([ProjectApprovalId], [ProjectApprovalCode], [ReferenceType], [ReferenceId], [ReferenceCode], [OpportunityId], [OpportunityCode], [CustomerId], [CustomerName], [ProjectName], [ProjectBackground], [CustomerDemand], [SolutionOverview], [EstimatedAmount], [EstimatedCost], [EstimatedProfit], [ProfitMargin], [ResourceRequirements], [ImplementationPeriod], [RiskAnalysis], [RiskMitigationMeasures], [SalesDepartmentOpinion], [TechnicalDepartmentOpinion], [FinanceDepartmentOpinion], [ManagementOpinion], [ApprovalStatus], [CurrentApprovalStage], [ApprovalFlowId], [FinalApproverUserId], [FinalApproverUserName], [FinalApprovalTime], [ApprovalComment], [IsUrgent], [UrgentReason], [Remark], [CreateTime], [CreateUserId], [CreateUserName], [CreateOrganizationId], [CreateOrganizationName], [ModifyTime], [ModifyUserId], [ModifyUserName], [ModifyOrganizationId], [ModifyOrganizationName]) VALUES (3, N'PA003', 2, 3, N'BID003', 6, N'OPP006', 6, N'健康医疗有限公司', N'健康医疗有限公司信息化建设项目', N'健康医疗有限公司为提升医疗服务质量和运营效率，计划进行全面的信息化建设，构建智慧医院体系。', N'1. 需要医院信息管理系统（HIS）\n2. 需要电子病历系统（EMR）\n3. 需要实验室信息管理系统（LIS）\n4. 需要医学影像存档与通信系统（PACS）\n5. 需要移动医疗和互联网医院平台', N'本项目将按照三级医院信息化标准，构建以电子病历为核心的智慧医院信息平台。采用微服务架构，支持模块化部署和扩展。同时建设互联网医院平台，支持在线问诊、处方流转和药品配送。', CAST(600000.00 AS Decimal(18, 2)), CAST(420000.00 AS Decimal(18, 2)), CAST(180000.00 AS Decimal(18, 2)), CAST(30.00 AS Decimal(5, 2)), N'医疗行业顾问2名，项目经理1名，架构师2名，开发工程师4名，测试工程师2名，实施工程师3名', N'210个工作日（7个月）', N'1. 医疗行业监管严格，合规性要求高\n2. 系统7x24小时运行，稳定性要求极高\n3. 涉及患者隐私数据，安全风险大\n4. 医护人员信息化水平参差不齐，培训难度大', N'1. 邀请医疗行业专家参与方案设计，确保合规性\n2. 采用高可用架构和容灾备份方案\n3. 实施严格的数据加密和访问控制\n4. 制定详细的培训计划和持续支持方案', N'医疗信息化市场前景广阔，该项目有助于公司进入医疗行业，建议立项。', N'医疗信息化技术要求高，公司具备相关技术积累，方案可行，建议立项。', N'项目利润空间符合预期，但需要关注后期维护成本，建议立项。', N'医疗健康是公司战略发展方向，该项目是重要切入点，批准立项。', 6, 5, 3, 105, N'王明总监', CAST(N'2026-01-26T11:10:33.570' AS DateTime), N'医疗信息化是朝阳产业，项目符合公司战略，同意立项。', 0, NULL, N'该项目需要特别注意医疗数据的安全和隐私保护，确保符合《网络安全法》和《个人信息保护法》。', CAST(N'2026-01-27T11:10:33.570' AS DateTime), 60, N'雷刚', 1, N'销售部', NULL, NULL, NULL, NULL, NULL)
GO
INSERT [dbo].[ProjectApproval] ([ProjectApprovalId], [ProjectApprovalCode], [ReferenceType], [ReferenceId], [ReferenceCode], [OpportunityId], [OpportunityCode], [CustomerId], [CustomerName], [ProjectName], [ProjectBackground], [CustomerDemand], [SolutionOverview], [EstimatedAmount], [EstimatedCost], [EstimatedProfit], [ProfitMargin], [ResourceRequirements], [ImplementationPeriod], [RiskAnalysis], [RiskMitigationMeasures], [SalesDepartmentOpinion], [TechnicalDepartmentOpinion], [FinanceDepartmentOpinion], [ManagementOpinion], [ApprovalStatus], [CurrentApprovalStage], [ApprovalFlowId], [FinalApproverUserId], [FinalApproverUserName], [FinalApprovalTime], [ApprovalComment], [IsUrgent], [UrgentReason], [Remark], [CreateTime], [CreateUserId], [CreateUserName], [CreateOrganizationId], [CreateOrganizationName], [ModifyTime], [ModifyUserId], [ModifyUserName], [ModifyOrganizationId], [ModifyOrganizationName]) VALUES (4, N'PA004', 2, 4, N'BID004', 9, N'OPP009', 9, N'智能家居有限公司', N'智能家居物联网云平台项目', N'智能家居有限公司为提升产品智能化水平，构建统一的物联网云平台，实现设备互联、数据分析和智能控制。', N'1. 需要物联网设备接入和管理平台\n2. 需要大数据分析和AI算法平台\n3. 需要用户端APP和管理后台\n4. 需要开放API支持第三方设备接入\n5. 需要高并发处理能力', N'本项目将构建基于云原生架构的智能家居物联网平台，采用Kubernetes容器化部署，支持弹性扩缩容。平台将包括设备管理、数据采集、规则引擎、智能分析、用户管理等核心模块，支持千万级设备接入。', CAST(420000.00 AS Decimal(18, 2)), CAST(294000.00 AS Decimal(18, 2)), CAST(126000.00 AS Decimal(18, 2)), CAST(30.00 AS Decimal(5, 2)), N'物联网专家1名，云计算架构师1名，大数据工程师2名，后端开发3名，前端开发2名，测试工程师1名', N'150个工作日（5个月）', N'1. 物联网设备协议多样，兼容性挑战大\n2. 高并发场景下系统稳定性要求高\n3. 数据安全和个人隐私保护要求严格\n4. 技术更新快，需要保持技术先进性', N'1. 制定统一的设备接入标准，开发协议适配层\n2. 进行压力测试和性能优化，确保高可用性\n3. 实施端到端的数据加密和隐私保护方案\n4. 采用微服务架构，便于技术升级和功能扩展', N'智能家居市场增长迅速，该项目有助于公司积累物联网平台经验，建议立项。', N'技术方案先进，采用云原生架构，具备可扩展性，建议立项。', N'项目利润率符合公司要求，但需要关注云计算资源成本，建议立项。', N'物联网是公司技术战略的重要方向，该项目具有技术标杆意义，批准立项。', 6, 5, 4, 105, N'王明总监', CAST(N'2026-01-23T11:10:33.570' AS DateTime), N'项目技术含量高，市场前景好，同意立项。', 0, NULL, N'该项目需要重点关注平台的可扩展性和开放性，为未来接入更多设备做好准备。', CAST(N'2026-01-27T11:10:33.570' AS DateTime), 60, N'雷刚', 1, N'销售部', NULL, NULL, NULL, NULL, NULL)
GO
INSERT [dbo].[ProjectApproval] ([ProjectApprovalId], [ProjectApprovalCode], [ReferenceType], [ReferenceId], [ReferenceCode], [OpportunityId], [OpportunityCode], [CustomerId], [CustomerName], [ProjectName], [ProjectBackground], [CustomerDemand], [SolutionOverview], [EstimatedAmount], [EstimatedCost], [EstimatedProfit], [ProfitMargin], [ResourceRequirements], [ImplementationPeriod], [RiskAnalysis], [RiskMitigationMeasures], [SalesDepartmentOpinion], [TechnicalDepartmentOpinion], [FinanceDepartmentOpinion], [ManagementOpinion], [ApprovalStatus], [CurrentApprovalStage], [ApprovalFlowId], [FinalApproverUserId], [FinalApproverUserName], [FinalApprovalTime], [ApprovalComment], [IsUrgent], [UrgentReason], [Remark], [CreateTime], [CreateUserId], [CreateUserName], [CreateOrganizationId], [CreateOrganizationName], [ModifyTime], [ModifyUserId], [ModifyUserName], [ModifyOrganizationId], [ModifyOrganizationName]) VALUES (5, N'PA005', 1, 1, N'QUO001', 2, N'OPP002', 2, N'创新软件有限公司', N'创新软件有限公司定制开发项目', N'创新软件有限公司作为软件服务商，需要定制开发一套项目管理软件来提升内部项目管理效率，同时作为未来可销售的产品原型。', N'1. 需要完整的项目管理功能，包括任务分配、进度跟踪、文档管理\n2. 支持多项目并行管理\n3. 需要报表和统计功能\n4. 支持移动端访问\n5. 需要与现有OA系统集成', N'本项目将采用敏捷开发模式，基于我公司成熟的快速开发平台，结合客户的具体需求，定制开发一套轻量级的项目管理软件。项目将分三期进行，第一期完成核心功能，第二期完善扩展功能，第三期进行系统优化和集成。', CAST(190000.00 AS Decimal(18, 2)), CAST(133000.00 AS Decimal(18, 2)), CAST(57000.00 AS Decimal(18, 2)), CAST(30.00 AS Decimal(5, 2)), N'项目经理1名，产品经理1名，开发工程师2名，测试工程师1名，UI设计师1名', N'90个工作日（3个月）', N'1. 客户需求可能随着开发过程不断变化\n2. 项目周期较短，开发压力大\n3. 与现有系统集成可能存在技术难题\n4. 客户对UI设计要求较高', N'1. 采用敏捷开发模式，每两周进行一次需求确认\n2. 制定详细的项目计划，合理分配资源\n3. 提前进行技术调研和接口测试\n4. 增加UI设计资源投入，确保设计质量', N'客户预算适中，需求明确，建议立项。', N'技术方案成熟，开发难度适中，建议立项。', N'项目利润率30%，符合公司要求，建议立项。', N'该项目有助于积累项目管理软件经验，批准立项。', 6, 5, 5, 105, N'王明总监', CAST(N'2026-01-22T11:10:35.807' AS DateTime), N'项目需求明确，方案可行，同意立项。', 0, NULL, N'该项目可作为公司项目管理产品的原型，具有较好的复用价值。', CAST(N'2026-01-27T11:10:35.807' AS DateTime), 60, N'雷刚', 1, N'销售部', NULL, NULL, NULL, NULL, NULL)
GO
INSERT [dbo].[ProjectApproval] ([ProjectApprovalId], [ProjectApprovalCode], [ReferenceType], [ReferenceId], [ReferenceCode], [OpportunityId], [OpportunityCode], [CustomerId], [CustomerName], [ProjectName], [ProjectBackground], [CustomerDemand], [SolutionOverview], [EstimatedAmount], [EstimatedCost], [EstimatedProfit], [ProfitMargin], [ResourceRequirements], [ImplementationPeriod], [RiskAnalysis], [RiskMitigationMeasures], [SalesDepartmentOpinion], [TechnicalDepartmentOpinion], [FinanceDepartmentOpinion], [ManagementOpinion], [ApprovalStatus], [CurrentApprovalStage], [ApprovalFlowId], [FinalApproverUserId], [FinalApproverUserName], [FinalApprovalTime], [ApprovalComment], [IsUrgent], [UrgentReason], [Remark], [CreateTime], [CreateUserId], [CreateUserName], [CreateOrganizationId], [CreateOrganizationName], [ModifyTime], [ModifyUserId], [ModifyUserName], [ModifyOrganizationId], [ModifyOrganizationName]) VALUES (6, N'PA006', 1, 2, N'QUO002', 4, N'OPP004', 4, N'绿色能源股份有限公司', N'绿色能源公司能源管理系统项目', N'随着国家节能减排政策的推进，绿色能源股份有限公司需要建设能源管理系统来实现能耗监控、分析和优化，降低运营成本。', N'1. 需要实时监控各厂区的能耗数据\n2. 需要能耗分析和预警功能\n3. 需要节能优化建议\n4. 需要生成能耗报表以满足政府监管要求\n5. 需要移动端查看功能', N'本项目将构建基于物联网的能源管理平台，通过部署智能电表、传感器等设备采集数据，利用大数据分析技术进行能耗分析和优化建议。系统包括数据采集、实时监控、分析预警、报表管理和移动应用等模块。', CAST(285000.00 AS Decimal(18, 2)), CAST(199500.00 AS Decimal(18, 2)), CAST(85500.00 AS Decimal(18, 2)), CAST(30.00 AS Decimal(5, 2)), N'项目经理1名，物联网工程师1名，数据分析师1名，开发工程师2名，实施工程师2名', N'120个工作日（4个月）', N'1. 现场设备部署可能受到生产影响\n2. 数据采集的准确性和稳定性需要保证\n3. 节能效果的量化评估存在难度\n4. 需要与现有生产系统进行数据对接', N'1. 制定详细的现场施工计划，避开生产高峰期\n2. 选择可靠的硬件设备，做好设备测试\n3. 建立科学的节能效果评估模型\n4. 制定标准的数据接口规范', N'该项目符合国家政策导向，客户需求迫切，建议立项。', N'技术方案成熟，物联网和大数据分析技术均有成功案例，建议立项。', N'项目利润空间符合预期，建议立项。', N'能源管理是公司重点拓展的方向，该项目具有示范意义，批准立项。', 4, 3, 6, NULL, NULL, NULL, NULL, 0, NULL, N'该项目需要重点关注现场实施和数据采集的准确性。', CAST(N'2026-01-27T11:10:35.807' AS DateTime), 60, N'雷刚', 1, N'销售部', NULL, NULL, NULL, NULL, NULL)
GO
INSERT [dbo].[ProjectApproval] ([ProjectApprovalId], [ProjectApprovalCode], [ReferenceType], [ReferenceId], [ReferenceCode], [OpportunityId], [OpportunityCode], [CustomerId], [CustomerName], [ProjectName], [ProjectBackground], [CustomerDemand], [SolutionOverview], [EstimatedAmount], [EstimatedCost], [EstimatedProfit], [ProfitMargin], [ResourceRequirements], [ImplementationPeriod], [RiskAnalysis], [RiskMitigationMeasures], [SalesDepartmentOpinion], [TechnicalDepartmentOpinion], [FinanceDepartmentOpinion], [ManagementOpinion], [ApprovalStatus], [CurrentApprovalStage], [ApprovalFlowId], [FinalApproverUserId], [FinalApproverUserName], [FinalApprovalTime], [ApprovalComment], [IsUrgent], [UrgentReason], [Remark], [CreateTime], [CreateUserId], [CreateUserName], [CreateOrganizationId], [CreateOrganizationName], [ModifyTime], [ModifyUserId], [ModifyUserName], [ModifyOrganizationId], [ModifyOrganizationName]) VALUES (7, N'PA007', 1, 3, N'QUO003', 5, N'OPP005', 5, N'华美商贸有限公司', N'华美商贸供应链优化项目', N'华美商贸有限公司为应对市场竞争，计划优化供应链管理，提升库存周转率和客户满意度。', N'1. 需要供应链管理系统实现采购、库存、销售一体化管理\n2. 需要需求预测功能\n3. 需要供应商管理模块\n4. 需要物流跟踪功能\n5. 需要移动端库存管理', N'本项目将基于成熟的供应链管理解决方案，结合华美商贸的业务特点进行定制化开发。系统将涵盖供应商管理、采购管理、库存管理、销售管理和物流管理五大核心模块，通过数据分析和智能算法提升供应链效率。', CAST(237500.00 AS Decimal(18, 2)), CAST(166250.00 AS Decimal(18, 2)), CAST(71250.00 AS Decimal(18, 2)), CAST(30.00 AS Decimal(5, 2)), N'供应链顾问1名，项目经理1名，开发工程师3名，测试工程师1名，实施顾问2名', N'105个工作日（3.5个月）', N'1. 供应链涉及多个环节，流程复杂\n2. 需求预测的准确性影响较大\n3. 需要与多个供应商系统对接\n4. 用户对新系统的接受度可能较低', N'1. 进行深入的业务流程梳理，简化操作\n2. 采用多种预测模型组合，提高准确性\n3. 制定标准化的接口方案\n4. 加强用户培训和现场支持', N'客户为老客户推荐，关系良好，建议立项。', N'供应链管理系统成熟，定制化工作量适中，建议立项。', N'项目利润率符合要求，回款周期合理，建议立项。', N'供应链管理是公司的优势领域，该项目有助于巩固市场地位，批准立项。', 6, 5, 7, 105, N'王明总监', CAST(N'2026-01-24T11:10:35.807' AS DateTime), N'供应链项目经验丰富，客户关系良好，同意立项。', 0, NULL, N'该项目可作为供应链管理解决方案的典型案例。', CAST(N'2026-01-27T11:10:35.807' AS DateTime), 60, N'雷刚', 1, N'销售部', NULL, NULL, NULL, NULL, NULL)
GO
INSERT [dbo].[ProjectApproval] ([ProjectApprovalId], [ProjectApprovalCode], [ReferenceType], [ReferenceId], [ReferenceCode], [OpportunityId], [OpportunityCode], [CustomerId], [CustomerName], [ProjectName], [ProjectBackground], [CustomerDemand], [SolutionOverview], [EstimatedAmount], [EstimatedCost], [EstimatedProfit], [ProfitMargin], [ResourceRequirements], [ImplementationPeriod], [RiskAnalysis], [RiskMitigationMeasures], [SalesDepartmentOpinion], [TechnicalDepartmentOpinion], [FinanceDepartmentOpinion], [ManagementOpinion], [ApprovalStatus], [CurrentApprovalStage], [ApprovalFlowId], [FinalApproverUserId], [FinalApproverUserName], [FinalApprovalTime], [ApprovalComment], [IsUrgent], [UrgentReason], [Remark], [CreateTime], [CreateUserId], [CreateUserName], [CreateOrganizationId], [CreateOrganizationName], [ModifyTime], [ModifyUserId], [ModifyUserName], [ModifyOrganizationId], [ModifyOrganizationName]) VALUES (8, N'PA008', 1, 4, N'QUO004', 7, N'OPP007', 7, N'美味食品有限公司', N'美味食品生产管理系统项目', N'为满足食品安全追溯要求，提升生产管理效率，美味食品有限公司需要建设生产管理系统。', N'1. 需要生产计划与排程功能\n2. 需要生产过程监控\n3. 需要质量检验管理\n4. 需要产品追溯功能\n5. 需要符合食品安全管理体系要求', N'本项目将建设覆盖生产全过程的管理系统，包括生产计划、物料管理、过程监控、质量检验和产品追溯等模块。系统将采用条码/RFID技术实现产品全生命周期追溯，确保食品安全。', CAST(332500.00 AS Decimal(18, 2)), CAST(232750.00 AS Decimal(18, 2)), CAST(99750.00 AS Decimal(18, 2)), CAST(30.00 AS Decimal(5, 2)), N'生产管理顾问1名，项目经理1名，开发工程师3名，测试工程师1名，实施工程师2名', N'135个工作日（4.5个月）', N'1. 食品生产环境特殊，设备部署困难\n2. 追溯系统需要覆盖所有生产环节\n3. 需要符合严格的食品安全标准\n4. 生产线员工信息化水平较低', N'1. 设计适应食品生产环境的硬件方案\n2. 建立完整的追溯链条\n3. 邀请食品安全专家参与方案设计\n4. 制定简单易用的操作界面和培训方案', N'食品安全是社会关注焦点，该项目具有很好的社会效益，建议立项。', N'生产管理系统和追溯技术成熟，建议立项。', N'项目利润空间合理，建议立项。', N'食品行业信息化是公司的新兴市场，该项目是重要突破，批准立项。', 2, 1, 8, NULL, NULL, NULL, NULL, 0, NULL, N'需要等待客户提供详细的生产流程文档后才能推进。', CAST(N'2026-01-27T11:10:35.807' AS DateTime), 60, N'雷刚', 1, N'销售部', NULL, NULL, NULL, NULL, NULL)
GO
INSERT [dbo].[ProjectApproval] ([ProjectApprovalId], [ProjectApprovalCode], [ReferenceType], [ReferenceId], [ReferenceCode], [OpportunityId], [OpportunityCode], [CustomerId], [CustomerName], [ProjectName], [ProjectBackground], [CustomerDemand], [SolutionOverview], [EstimatedAmount], [EstimatedCost], [EstimatedProfit], [ProfitMargin], [ResourceRequirements], [ImplementationPeriod], [RiskAnalysis], [RiskMitigationMeasures], [SalesDepartmentOpinion], [TechnicalDepartmentOpinion], [FinanceDepartmentOpinion], [ManagementOpinion], [ApprovalStatus], [CurrentApprovalStage], [ApprovalFlowId], [FinalApproverUserId], [FinalApproverUserName], [FinalApprovalTime], [ApprovalComment], [IsUrgent], [UrgentReason], [Remark], [CreateTime], [CreateUserId], [CreateUserName], [CreateOrganizationId], [CreateOrganizationName], [ModifyTime], [ModifyUserId], [ModifyUserName], [ModifyOrganizationId], [ModifyOrganizationName]) VALUES (9, N'PA009', 1, 5, N'QUO005', 8, N'OPP008', 8, N'时尚服饰有限公司', N'时尚服饰电商平台项目', N'为拓展线上销售渠道，时尚服饰有限公司计划建设独立的电商平台，实现线上线下融合发展。', N'1. 需要完整的电商前台（商品展示、购物车、订单、支付）\n2. 需要后台管理系统（商品管理、订单管理、会员管理）\n3. 需要营销活动模块\n4. 需要数据分析报表\n5. 需要与线下门店系统对接', N'本项目将建设基于微服务架构的电商平台，采用前后端分离的设计模式。平台将包括商品中心、订单中心、会员中心、营销中心和数据分析中心等核心模块，支持高并发访问和灵活扩展。', CAST(266000.00 AS Decimal(18, 2)), CAST(186200.00 AS Decimal(18, 2)), CAST(79800.00 AS Decimal(18, 2)), CAST(30.00 AS Decimal(5, 2)), N'电商顾问1名，项目经理1名，前端开发2名，后端开发3名，测试工程师1名，UI设计师1名', N'150个工作日（5个月）', N'1. 电商竞争激烈，平台需要具有特色\n2. 高并发场景下的系统稳定性\n3. 支付安全和数据安全风险\n4. 需要与多个物流公司对接', N'1. 设计差异化的营销功能\n2. 进行充分的压力测试和性能优化\n3. 采用成熟的支付网关和安全方案\n4. 建立标准的物流接口规范', N'电商市场空间大，客户有明确的转型需求，建议立项。', N'电商平台技术成熟，公司有相关经验，建议立项。', N'项目利润率符合预期，但需要关注后期运维成本，建议立项。', N'电商平台是公司的成熟产品线，该项目有助于提升行业经验，批准立项。', 1, 1, NULL, NULL, NULL, NULL, NULL, 0, NULL, N'目前处于草稿阶段，需要与客户确认最终需求。', CAST(N'2026-01-27T11:10:35.807' AS DateTime), 60, N'雷刚', 1, N'销售部', NULL, NULL, NULL, NULL, NULL)
GO
INSERT [dbo].[ProjectApproval] ([ProjectApprovalId], [ProjectApprovalCode], [ReferenceType], [ReferenceId], [ReferenceCode], [OpportunityId], [OpportunityCode], [CustomerId], [CustomerName], [ProjectName], [ProjectBackground], [CustomerDemand], [SolutionOverview], [EstimatedAmount], [EstimatedCost], [EstimatedProfit], [ProfitMargin], [ResourceRequirements], [ImplementationPeriod], [RiskAnalysis], [RiskMitigationMeasures], [SalesDepartmentOpinion], [TechnicalDepartmentOpinion], [FinanceDepartmentOpinion], [ManagementOpinion], [ApprovalStatus], [CurrentApprovalStage], [ApprovalFlowId], [FinalApproverUserId], [FinalApproverUserName], [FinalApprovalTime], [ApprovalComment], [IsUrgent], [UrgentReason], [Remark], [CreateTime], [CreateUserId], [CreateUserName], [CreateOrganizationId], [CreateOrganizationName], [ModifyTime], [ModifyUserId], [ModifyUserName], [ModifyOrganizationId], [ModifyOrganizationName]) VALUES (10, N'PA010', 1, 6, N'QUO006', 10, N'OPP010', 10, N'物流运输有限公司', N'物流运输管理系统项目', N'为提升物流运输效率和管理水平，物流运输有限公司需要建设现代化的运输管理系统。', N'1. 需要运输计划与调度功能\n2. 需要车辆管理和司机管理\n3. 需要运输过程跟踪\n4. 需要运费结算功能\n5. 需要移动端司机APP', N'本项目将构建覆盖运输全流程的管理系统，包括运输计划、车辆调度、在途跟踪、费用结算和移动应用等模块。系统将集成GPS定位技术，实现运输过程可视化，通过智能算法优化运输路线和车辆调度。', CAST(361000.00 AS Decimal(18, 2)), CAST(252700.00 AS Decimal(18, 2)), CAST(108300.00 AS Decimal(18, 2)), CAST(30.00 AS Decimal(5, 2)), N'物流行业顾问1名，项目经理1名，开发工程师3名，测试工程师1名，实施工程师2名', N'120个工作日（4个月）', N'1. 运输过程不可控因素多\n2. GPS定位数据可能存在偏差\n3. 司机对移动APP的接受度\n4. 需要与客户现有ERP系统对接', N'1. 建立异常处理机制\n2. 采用多源定位数据融合技术\n3. 设计简单易用的司机APP界面\n4. 制定灵活的接口方案', N'物流行业信息化需求迫切，客户有50辆运输车需要管理，建议立项。', N'运输管理系统技术成熟，GPS集成有成功案例，建议立项。', N'项目规模适中，利润率合理，建议立项。', N'物流行业是公司的重点行业，该项目有助于深化行业理解，批准立项。', 3, 2, 10, NULL, NULL, NULL, NULL, 0, NULL, N'客户要求增加部分定制功能，正在评估中。', CAST(N'2026-01-27T11:10:35.807' AS DateTime), 60, N'雷刚', 1, N'销售部', NULL, NULL, NULL, NULL, NULL)
GO
INSERT [dbo].[ProjectApproval] ([ProjectApprovalId], [ProjectApprovalCode], [ReferenceType], [ReferenceId], [ReferenceCode], [OpportunityId], [OpportunityCode], [CustomerId], [CustomerName], [ProjectName], [ProjectBackground], [CustomerDemand], [SolutionOverview], [EstimatedAmount], [EstimatedCost], [EstimatedProfit], [ProfitMargin], [ResourceRequirements], [ImplementationPeriod], [RiskAnalysis], [RiskMitigationMeasures], [SalesDepartmentOpinion], [TechnicalDepartmentOpinion], [FinanceDepartmentOpinion], [ManagementOpinion], [ApprovalStatus], [CurrentApprovalStage], [ApprovalFlowId], [FinalApproverUserId], [FinalApproverUserName], [FinalApprovalTime], [ApprovalComment], [IsUrgent], [UrgentReason], [Remark], [CreateTime], [CreateUserId], [CreateUserName], [CreateOrganizationId], [CreateOrganizationName], [ModifyTime], [ModifyUserId], [ModifyUserName], [ModifyOrganizationId], [ModifyOrganizationName]) VALUES (11, N'PA011', 1, 7, N'QUO007', 13, N'OPP013', 13, N'互联网科技有限公司', N'互联网科技大数据平台项目', N'为应对海量数据处理需求，互联网科技有限公司需要建设大数据平台，支撑业务数据分析和智能决策。', N'1. 需要大数据采集和存储能力\n2. 需要数据处理和分析能力\n3. 需要数据可视化功能\n4. 需要机器学习算法平台\n5. 需要数据安全和权限管理', N'本项目将构建基于Hadoop/Spark生态的大数据平台，采用分布式存储和计算架构。平台将包括数据采集、数据存储、数据处理、数据分析和数据可视化等核心模块，支持PB级数据处理和实时分析。', CAST(646000.00 AS Decimal(18, 2)), CAST(452200.00 AS Decimal(18, 2)), CAST(193800.00 AS Decimal(18, 2)), CAST(30.00 AS Decimal(5, 2)), N'大数据架构师2名，项目经理1名，数据工程师3名，开发工程师2名，测试工程师1名', N'62个工作日（6个月）', N'1. 大数据技术栈复杂，技术难度高\n2. 数据质量和一致性难以保证\n3. 系统性能和稳定性要求高\n4. 数据安全和隐私保护挑战大', N'1. 选择成熟稳定的大数据技术组件\n2. 建立完善的数据治理体系\n3. 进行充分的性能测试和优化\n4. 实施严格的数据安全和隐私保护措施', N'大数据是公司重点发展的技术方向，该项目技术含量高，建议立项。', N'大数据平台技术方案先进，但实施难度较大，需要资深专家参与，建议立项。', N'项目金额较大，利润率符合要求，但技术投入成本高，建议立项。', N'大数据项目是公司技术实力的体现，具有战略意义，批准立项。', 2, 1, NULL, NULL, NULL, NULL, NULL, 0, NULL, N'技术方案复杂，需要技术专家评审。', CAST(N'2026-01-27T11:10:35.807' AS DateTime), 61, N'钱琳', 1, N'销售部', NULL, NULL, NULL, NULL, NULL)
GO
INSERT [dbo].[ProjectApproval] ([ProjectApprovalId], [ProjectApprovalCode], [ReferenceType], [ReferenceId], [ReferenceCode], [OpportunityId], [OpportunityCode], [CustomerId], [CustomerName], [ProjectName], [ProjectBackground], [CustomerDemand], [SolutionOverview], [EstimatedAmount], [EstimatedCost], [EstimatedProfit], [ProfitMargin], [ResourceRequirements], [ImplementationPeriod], [RiskAnalysis], [RiskMitigationMeasures], [SalesDepartmentOpinion], [TechnicalDepartmentOpinion], [FinanceDepartmentOpinion], [ManagementOpinion], [ApprovalStatus], [CurrentApprovalStage], [ApprovalFlowId], [FinalApproverUserId], [FinalApproverUserName], [FinalApprovalTime], [ApprovalComment], [IsUrgent], [UrgentReason], [Remark], [CreateTime], [CreateUserId], [CreateUserName], [CreateOrganizationId], [CreateOrganizationName], [ModifyTime], [ModifyUserId], [ModifyUserName], [ModifyOrganizationId], [ModifyOrganizationName]) VALUES (12, N'PA012', 1, 8, N'QUO008', 14, N'OPP014', 14, N'餐饮连锁有限公司', N'餐饮连锁信息化项目', N'为提升连锁餐饮管理效率，餐饮连锁有限公司需要建设统一的信息化平台，实现集中管控和标准化运营。', N'1. 需要连锁门店管理系统\n2. 需要中央厨房管理系统\n3. 需要供应链管理系统\n4. 需要会员营销系统\n5. 需要移动点餐和外卖对接', N'本项目将构建"总部-门店"两级架构的连锁餐饮管理平台，总部系统负责集中管控，门店系统负责日常运营。平台将覆盖从采购、库存、生产、销售到会员管理的全业务流程，支持多业态、多品牌管理。', CAST(304000.00 AS Decimal(18, 2)), CAST(212800.00 AS Decimal(18, 2)), CAST(91200.00 AS Decimal(18, 2)), CAST(30.00 AS Decimal(5, 2)), N'餐饮行业顾问2名，项目经理1名，开发工程师4名，测试工程师1名，实施工程师3名', N'150个工作日（5个月）', N'1. 门店数量多，部署和维护工作量大\n2. 不同门店的业务流程可能不同\n3. 高峰期的系统并发压力大\n4. 需要与多个外卖平台对接', N'1. 采用SaaS化部署，降低部署成本\n2. 设计灵活的可配置业务流程\n3. 进行压力测试和性能优化\n4. 建立标准的外卖平台接口', N'客户有100+门店需要覆盖，市场空间大，建议立项。', N'连锁餐饮系统方案成熟，可复制性强，建议立项。', N'项目采用分期付款方式，现金流压力小，建议立项。', N'连锁餐饮是公司重点拓展的行业，该项目具有规模效应，批准立项。', 6, 5, 12, 105, N'王明总监', CAST(N'2026-01-23T11:10:35.807' AS DateTime), N'连锁餐饮项目经验丰富，客户已确认试点，同意立项。', 0, NULL, N'首批试点30家门店，成功后可推广到所有门店。', CAST(N'2026-01-27T11:10:35.807' AS DateTime), 61, N'钱琳', 1, N'销售部', NULL, NULL, NULL, NULL, NULL)
GO
SET IDENTITY_INSERT [dbo].[ProjectApproval] OFF
GO
SET IDENTITY_INSERT [dbo].[Contract] ON 
GO
INSERT [dbo].[Contract] ([ContractId], [ContractCode], [ProjectApprovalId], [ProjectApprovalCode], [OpportunityId], [OpportunityCode], [CustomerId], [CustomerName], [ContractName], [ContractType], [ContractAmount], [TaxRate], [TaxAmount], [ContractAmountWithTax], [Currency], [SignDate], [EffectiveDate], [ExpiryDate], [ContractPeriod], [PaymentMethod], [DeliveryRequirements], [QualityRequirements], [WarrantyPeriod], [ContractTerms], [SpecialAgreements], [ContractStatus], [ApprovalStatus], [ApprovalFlowId], [ApprovalUserId], [ApprovalUserName], [ApprovalTime], [ApprovalComment], [ContractFilePath], [ContractScanPath], [IsTemplate], [ParentContractId], [Remark], [CreateTime], [CreateUserId], [CreateUserName], [CreateOrganizationId], [CreateOrganizationName], [ModifyTime], [ModifyUserId], [ModifyUserName], [ModifyOrganizationId], [ModifyOrganizationName]) VALUES (1, N'CT001', 1, N'PA001', 1, N'OPP001', 1, N'腾飞科技有限公司', N'腾飞科技数字化转型项目合同', 1, CAST(500000.00 AS Decimal(18, 2)), CAST(13.00 AS Decimal(5, 2)), CAST(65000.00 AS Decimal(18, 2)), CAST(565000.00 AS Decimal(18, 2)), N'CNY', CAST(N'2025-12-28' AS Date), CAST(N'2025-12-28' AS Date), CAST(N'2027-06-28' AS Date), N'18个月', N'分四期付款：合同签订后7个工作日内支付30%，系统开发完成支付30%，验收合格后支付30%，质保期满后支付10%', N'合同签订后62个工作日内完成全部系统开发、实施和验收', N'系统应符合国家相关技术标准，满足客户功能需求，通过第三方性能测试', N'自验收合格之日起，提供12个月免费维护期，终身有偿技术支持', N'1. 乙方应按照合同约定按时交付符合质量要求的产品和服务\n2. 甲方应按合同约定及时支付款项\n3. 任何一方违约应承担相应的违约责任\n4. 双方应保守对方商业秘密\n5. 合同争议应通过友好协商解决，协商不成的提交有管辖权的人民法院诉讼解决', N'1. 乙方需提供详细的技术文档和用户手册\n2. 乙方需提供不少于40小时的用户培训\n3. 乙方需提供7×24小时技术支持热线', 4, 3, 1, 106, N'李伟副总经理', CAST(N'2025-12-30T11:10:39.497' AS DateTime), N'合同条款清晰，金额合理，同意签署', N'/contracts/2024/CT001/main.pdf', N'/contracts/2024/CT001/scan.pdf', 0, NULL, N'重点项目，需重点跟踪实施进度', CAST(N'2025-12-26T11:10:39.497' AS DateTime), 60, N'雷刚', 1, N'销售部', NULL, NULL, NULL, NULL, NULL)
GO
INSERT [dbo].[Contract] ([ContractId], [ContractCode], [ProjectApprovalId], [ProjectApprovalCode], [OpportunityId], [OpportunityCode], [CustomerId], [CustomerName], [ContractName], [ContractType], [ContractAmount], [TaxRate], [TaxAmount], [ContractAmountWithTax], [Currency], [SignDate], [EffectiveDate], [ExpiryDate], [ContractPeriod], [PaymentMethod], [DeliveryRequirements], [QualityRequirements], [WarrantyPeriod], [ContractTerms], [SpecialAgreements], [ContractStatus], [ApprovalStatus], [ApprovalFlowId], [ApprovalUserId], [ApprovalUserName], [ApprovalTime], [ApprovalComment], [ContractFilePath], [ContractScanPath], [IsTemplate], [ParentContractId], [Remark], [CreateTime], [CreateUserId], [CreateUserName], [CreateOrganizationId], [CreateOrganizationName], [ModifyTime], [ModifyUserId], [ModifyUserName], [ModifyOrganizationId], [ModifyOrganizationName]) VALUES (2, N'CT002', 2, N'PA002', 3, N'OPP003', 3, N'智慧教育集团', N'智慧教育集团智慧校园建设项目合同', 1, CAST(800000.00 AS Decimal(18, 2)), CAST(6.00 AS Decimal(5, 2)), CAST(48000.00 AS Decimal(18, 2)), CAST(848000.00 AS Decimal(18, 2)), N'CNY', CAST(N'2026-01-02' AS Date), CAST(N'2026-01-02' AS Date), CAST(N'2028-01-02' AS Date), N'24个月', N'分五期付款：预付款20%，完成需求分析支付20%，完成开发支付20%，验收合格支付20%，质保期满支付20%', N'合同签订后240个工作日内完成项目全部内容，分阶段交付', N'项目需符合教育行业信息化标准，通过教育部相关认证', N'自最终验收合格之日起，提供18个月免费维护期', N'1. 乙方应确保系统符合教育行业数据安全标准\n2. 甲方应提供必要的现场配合和支持\n3. 项目实施过程中如需变更，双方应签订补充协议\n4. 乙方应保护学生个人信息安全\n5. 合同知识产权归甲方所有', N'1. 乙方需配合甲方申报教育信息化示范项目\n2. 乙方需提供不少于60小时的师资培训\n3. 项目数据需支持与上级教育平台对接', 4, 3, 2, 106, N'李伟副总经理', CAST(N'2026-01-04T11:10:39.497' AS DateTime), N'教育行业重点项目，具有示范效应，同意签署', N'/contracts/2024/CT002/main.pdf', N'/contracts/2024/CT002/scan.pdf', 0, NULL, N'项目涉及多个校区，协调工作量大', CAST(N'2025-12-31T11:10:39.497' AS DateTime), 60, N'雷刚', 1, N'销售部', NULL, NULL, NULL, NULL, NULL)
GO
INSERT [dbo].[Contract] ([ContractId], [ContractCode], [ProjectApprovalId], [ProjectApprovalCode], [OpportunityId], [OpportunityCode], [CustomerId], [CustomerName], [ContractName], [ContractType], [ContractAmount], [TaxRate], [TaxAmount], [ContractAmountWithTax], [Currency], [SignDate], [EffectiveDate], [ExpiryDate], [ContractPeriod], [PaymentMethod], [DeliveryRequirements], [QualityRequirements], [WarrantyPeriod], [ContractTerms], [SpecialAgreements], [ContractStatus], [ApprovalStatus], [ApprovalFlowId], [ApprovalUserId], [ApprovalUserName], [ApprovalTime], [ApprovalComment], [ContractFilePath], [ContractScanPath], [IsTemplate], [ParentContractId], [Remark], [CreateTime], [CreateUserId], [CreateUserName], [CreateOrganizationId], [CreateOrganizationName], [ModifyTime], [ModifyUserId], [ModifyUserName], [ModifyOrganizationId], [ModifyOrganizationName]) VALUES (3, N'CT003', 3, N'PA003', 6, N'OPP006', 6, N'健康医疗有限公司', N'健康医疗有限公司信息化建设项目合同', 2, CAST(600000.00 AS Decimal(18, 2)), CAST(6.00 AS Decimal(5, 2)), CAST(36000.00 AS Decimal(18, 2)), CAST(636000.00 AS Decimal(18, 2)), N'CNY', CAST(N'2026-01-07' AS Date), CAST(N'2026-01-07' AS Date), CAST(N'2028-01-07' AS Date), N'24个月', N'分三期付款：合同签订支付40%，上线运行支付40%，验收合格支付20%', N'合同签订后210个工作日内完成全部系统部署和上线', N'系统需符合国家医疗信息化标准，通过医疗软件产品认证', N'自验收合格之日起，提供24个月免费维护期', N'1. 乙方应确保系统符合医疗行业监管要求\n2. 乙方应严格保护患者隐私数据\n3. 系统应支持7×24小时不间断运行\n4. 甲方应提供必要的医疗业务指导\n5. 乙方需提供完整的系统文档和源代码', N'1. 系统需支持与医保平台对接\n2. 乙方需提供医疗信息化专项培训\n3. 项目实施需避开医院就诊高峰', 3, 3, 3, 106, N'李伟副总经理', CAST(N'2026-01-09T11:10:39.497' AS DateTime), N'医疗信息化项目，技术要求高，同意签署', N'/contracts/2024/CT003/main.pdf', N'/contracts/2024/CT003/scan.pdf', 0, NULL, N'医疗数据敏感，需重点关注数据安全和隐私保护', CAST(N'2026-01-05T11:10:39.497' AS DateTime), 60, N'雷刚', 1, N'销售部', NULL, NULL, NULL, NULL, NULL)
GO
INSERT [dbo].[Contract] ([ContractId], [ContractCode], [ProjectApprovalId], [ProjectApprovalCode], [OpportunityId], [OpportunityCode], [CustomerId], [CustomerName], [ContractName], [ContractType], [ContractAmount], [TaxRate], [TaxAmount], [ContractAmountWithTax], [Currency], [SignDate], [EffectiveDate], [ExpiryDate], [ContractPeriod], [PaymentMethod], [DeliveryRequirements], [QualityRequirements], [WarrantyPeriod], [ContractTerms], [SpecialAgreements], [ContractStatus], [ApprovalStatus], [ApprovalFlowId], [ApprovalUserId], [ApprovalUserName], [ApprovalTime], [ApprovalComment], [ContractFilePath], [ContractScanPath], [IsTemplate], [ParentContractId], [Remark], [CreateTime], [CreateUserId], [CreateUserName], [CreateOrganizationId], [CreateOrganizationName], [ModifyTime], [ModifyUserId], [ModifyUserName], [ModifyOrganizationId], [ModifyOrganizationName]) VALUES (4, N'CT004', 4, N'PA004', 9, N'OPP009', 9, N'智能家居有限公司', N'智能家居物联网云平台项目合同', 1, CAST(420000.00 AS Decimal(18, 2)), CAST(13.00 AS Decimal(5, 2)), CAST(54600.00 AS Decimal(18, 2)), CAST(474600.00 AS Decimal(18, 2)), N'CNY', CAST(N'2026-01-12' AS Date), CAST(N'2026-01-12' AS Date), CAST(N'2027-01-12' AS Date), N'12个月', N'分三期付款：合同签订支付40%，平台上线支付40%，验收合格支付20%', N'合同签订后150个工作日内完成平台开发和上线', N'平台应支持千万级设备接入，系统可用性不低于99.9%', N'自验收合格之日起，提供12个月免费维护和技术支持', N'1. 乙方应保证平台的可扩展性和稳定性\n2. 甲方拥有平台应用层知识产权\n3. 乙方应提供开放API接口文档\n4. 双方应共同维护平台数据安全\n5. 乙方需提供平台运维监控工具', N'1. 平台需支持主流物联网通信协议\n2. 乙方需提供二次开发培训\n3. 项目需分阶段进行压力测试', 4, 3, 4, 106, N'李伟副总经理', CAST(N'2026-01-14T11:10:39.497' AS DateTime), N'物联网平台项目，技术先进，同意签署', N'/contracts/2024/CT004/main.pdf', N'/contracts/2024/CT004/scan.pdf', 0, NULL, N'技术密集型项目，需确保技术团队稳定', CAST(N'2026-01-10T11:10:39.497' AS DateTime), 60, N'雷刚', 1, N'销售部', NULL, NULL, NULL, NULL, NULL)
GO
INSERT [dbo].[Contract] ([ContractId], [ContractCode], [ProjectApprovalId], [ProjectApprovalCode], [OpportunityId], [OpportunityCode], [CustomerId], [CustomerName], [ContractName], [ContractType], [ContractAmount], [TaxRate], [TaxAmount], [ContractAmountWithTax], [Currency], [SignDate], [EffectiveDate], [ExpiryDate], [ContractPeriod], [PaymentMethod], [DeliveryRequirements], [QualityRequirements], [WarrantyPeriod], [ContractTerms], [SpecialAgreements], [ContractStatus], [ApprovalStatus], [ApprovalFlowId], [ApprovalUserId], [ApprovalUserName], [ApprovalTime], [ApprovalComment], [ContractFilePath], [ContractScanPath], [IsTemplate], [ParentContractId], [Remark], [CreateTime], [CreateUserId], [CreateUserName], [CreateOrganizationId], [CreateOrganizationName], [ModifyTime], [ModifyUserId], [ModifyUserName], [ModifyOrganizationId], [ModifyOrganizationName]) VALUES (5, N'CT005', 5, N'PA005', 2, N'OPP002', 2, N'创新软件有限公司', N'创新软件有限公司定制开发项目合同', 2, CAST(190000.00 AS Decimal(18, 2)), CAST(13.00 AS Decimal(5, 2)), CAST(24700.00 AS Decimal(18, 2)), CAST(214700.00 AS Decimal(18, 2)), N'CNY', CAST(N'2026-01-17' AS Date), CAST(N'2026-01-17' AS Date), CAST(N'2027-01-17' AS Date), N'12个月', N'分三期付款：首付30%，开发完成30%，验收后30%，质保期满后10%', N'合同签订后90个工作日内完成开发并交付', N'软件功能需满足需求规格说明书要求，通过甲方验收测试', N'自验收合格之日起，提供12个月免费维护期', N'1. 软件源代码所有权归甲方所有\n2. 乙方应提供详细的技术文档\n3. 甲方应及时确认开发需求\n4. 乙方应按照敏捷开发模式定期演示进度\n5. 变更需求需双方协商确认并调整工期和费用', N'1. 乙方需提供完整的测试案例\n2. 项目采用两周一次迭代开发\n3. 甲方需指定专人配合需求确认', 5, 3, 5, 106, N'李伟副总经理', CAST(N'2026-01-19T11:10:39.497' AS DateTime), N'项目已完成验收，合同履行完毕', N'/contracts/2024/CT005/main.pdf', N'/contracts/2024/CT005/scan.pdf', 0, NULL, N'项目已按时交付并通过验收', CAST(N'2026-01-15T11:10:39.497' AS DateTime), 60, N'雷刚', 1, N'销售部', NULL, NULL, NULL, NULL, NULL)
GO
INSERT [dbo].[Contract] ([ContractId], [ContractCode], [ProjectApprovalId], [ProjectApprovalCode], [OpportunityId], [OpportunityCode], [CustomerId], [CustomerName], [ContractName], [ContractType], [ContractAmount], [TaxRate], [TaxAmount], [ContractAmountWithTax], [Currency], [SignDate], [EffectiveDate], [ExpiryDate], [ContractPeriod], [PaymentMethod], [DeliveryRequirements], [QualityRequirements], [WarrantyPeriod], [ContractTerms], [SpecialAgreements], [ContractStatus], [ApprovalStatus], [ApprovalFlowId], [ApprovalUserId], [ApprovalUserName], [ApprovalTime], [ApprovalComment], [ContractFilePath], [ContractScanPath], [IsTemplate], [ParentContractId], [Remark], [CreateTime], [CreateUserId], [CreateUserName], [CreateOrganizationId], [CreateOrganizationName], [ModifyTime], [ModifyUserId], [ModifyUserName], [ModifyOrganizationId], [ModifyOrganizationName]) VALUES (6, N'CT006', 6, N'PA006', 4, N'OPP004', 4, N'绿色能源股份有限公司', N'绿色能源公司能源管理系统项目合同', 1, CAST(285000.00 AS Decimal(18, 2)), CAST(13.00 AS Decimal(5, 2)), CAST(37050.00 AS Decimal(18, 2)), CAST(322050.00 AS Decimal(18, 2)), N'CNY', CAST(N'2026-01-19' AS Date), CAST(N'2026-01-19' AS Date), CAST(N'2027-07-19' AS Date), N'18个月', N'首付40%，设备到货30%，验收后20%，质保期满后10%', N'合同签订后120个工作日内完成设备安装和系统部署', N'系统节能效果需达到承诺指标，数据采集准确率不低于99%', N'设备提供三年质保，软件提供一年免费升级', N'1. 乙方应确保系统节能效果达到承诺值\n2. 甲方应提供必要的现场施工条件\n3. 硬件设备质量应符合国家标准\n4. 系统应支持与现有生产系统数据对接\n5. 乙方需提供能耗数据分析报告', N'1. 项目需分厂区逐步实施\n2. 乙方需提供节能效果评估方法\n3. 硬件设备需提供原厂质保', 4, 3, 6, 106, N'李伟副总经理', CAST(N'2026-01-21T11:10:39.497' AS DateTime), N'节能减排项目，社会效益好，同意签署', N'/contracts/2024/CT006/main.pdf', N'/contracts/2024/CT006/scan.pdf', 0, NULL, N'现场施工需注意安全生产', CAST(N'2026-01-17T11:10:39.497' AS DateTime), 60, N'雷刚', 1, N'销售部', NULL, NULL, NULL, NULL, NULL)
GO
INSERT [dbo].[Contract] ([ContractId], [ContractCode], [ProjectApprovalId], [ProjectApprovalCode], [OpportunityId], [OpportunityCode], [CustomerId], [CustomerName], [ContractName], [ContractType], [ContractAmount], [TaxRate], [TaxAmount], [ContractAmountWithTax], [Currency], [SignDate], [EffectiveDate], [ExpiryDate], [ContractPeriod], [PaymentMethod], [DeliveryRequirements], [QualityRequirements], [WarrantyPeriod], [ContractTerms], [SpecialAgreements], [ContractStatus], [ApprovalStatus], [ApprovalFlowId], [ApprovalUserId], [ApprovalUserName], [ApprovalTime], [ApprovalComment], [ContractFilePath], [ContractScanPath], [IsTemplate], [ParentContractId], [Remark], [CreateTime], [CreateUserId], [CreateUserName], [CreateOrganizationId], [CreateOrganizationName], [ModifyTime], [ModifyUserId], [ModifyUserName], [ModifyOrganizationId], [ModifyOrganizationName]) VALUES (7, N'CT007', 7, N'PA007', 5, N'OPP005', 5, N'华美商贸有限公司', N'华美商贸供应链优化项目合同', 2, CAST(237500.00 AS Decimal(18, 2)), CAST(13.00 AS Decimal(5, 2)), CAST(30875.00 AS Decimal(18, 2)), CAST(268375.00 AS Decimal(18, 2)), N'CNY', CAST(N'2026-01-22' AS Date), CAST(N'2026-01-22' AS Date), CAST(N'2027-01-22' AS Date), N'12个月', N'首付50%，实施完成30%，验收后20%', N'合同签订后105个工作日内完成系统实施和培训', N'系统应提升库存周转率15%以上，降低缺货率20%以上', N'自验收合格之日起，提供12个月免费维护', N'1. 乙方应提供供应链优化建议报告\n2. 甲方应配合业务流程梳理\n3. 系统应支持与现有财务系统对接\n4. 乙方需提供关键用户培训\n5. 项目实施过程中产生的知识文档归双方共有', N'1. 项目分两阶段实施，先试点后推广\n2. 乙方需提供供应链KPI指标体系\n3. 甲方需成立项目联合小组', 3, 3, 7, 106, N'李伟副总经理', CAST(N'2026-01-24T11:10:39.497' AS DateTime), N'供应链项目经验丰富，客户关系良好，同意签署', N'/contracts/2024/CT007/main.pdf', N'/contracts/2024/CT007/scan.pdf', 0, NULL, N'老客户推荐项目，需确保实施质量', CAST(N'2026-01-20T11:10:39.497' AS DateTime), 60, N'雷刚', 1, N'销售部', NULL, NULL, NULL, NULL, NULL)
GO
INSERT [dbo].[Contract] ([ContractId], [ContractCode], [ProjectApprovalId], [ProjectApprovalCode], [OpportunityId], [OpportunityCode], [CustomerId], [CustomerName], [ContractName], [ContractType], [ContractAmount], [TaxRate], [TaxAmount], [ContractAmountWithTax], [Currency], [SignDate], [EffectiveDate], [ExpiryDate], [ContractPeriod], [PaymentMethod], [DeliveryRequirements], [QualityRequirements], [WarrantyPeriod], [ContractTerms], [SpecialAgreements], [ContractStatus], [ApprovalStatus], [ApprovalFlowId], [ApprovalUserId], [ApprovalUserName], [ApprovalTime], [ApprovalComment], [ContractFilePath], [ContractScanPath], [IsTemplate], [ParentContractId], [Remark], [CreateTime], [CreateUserId], [CreateUserName], [CreateOrganizationId], [CreateOrganizationName], [ModifyTime], [ModifyUserId], [ModifyUserName], [ModifyOrganizationId], [ModifyOrganizationName]) VALUES (8, N'CT008', 8, N'PA008', 7, N'OPP007', 7, N'美味食品有限公司', N'美味食品生产管理系统项目合同', 1, CAST(332500.00 AS Decimal(18, 2)), CAST(13.00 AS Decimal(5, 2)), CAST(43225.00 AS Decimal(18, 2)), CAST(375725.00 AS Decimal(18, 2)), N'CNY', CAST(N'2026-01-27' AS Date), CAST(N'2026-01-27' AS Date), CAST(N'2027-01-27' AS Date), N'12个月', N'首付30%，硬件到货30%，软件上线30%，验收后10%', N'合同签订后135个工作日内完成系统上线运行', N'系统应符合食品安全追溯要求，支持一品一码全程追溯', N'硬件一年质保，软件三年维护', N'1. 系统应满足国家食品安全追溯标准\n2. 乙方应提供食品安全管理体系咨询\n3. 甲方应确保生产环境符合设备安装要求\n4. 追溯数据应保存不少于三年\n5. 乙方需提供追溯系统操作培训', N'1. 项目需符合HACCP认证要求\n2. 追溯码需支持多种格式\n3. 系统需支持与监管部门平台对接', 2, 2, 8, NULL, NULL, NULL, NULL, N'/contracts/2024/CT008/draft.pdf', NULL, 0, NULL, N'等待客户提供详细的生产流程文档', CAST(N'2026-01-27T11:10:39.497' AS DateTime), 60, N'雷刚', 1, N'销售部', NULL, NULL, NULL, NULL, NULL)
GO
INSERT [dbo].[Contract] ([ContractId], [ContractCode], [ProjectApprovalId], [ProjectApprovalCode], [OpportunityId], [OpportunityCode], [CustomerId], [CustomerName], [ContractName], [ContractType], [ContractAmount], [TaxRate], [TaxAmount], [ContractAmountWithTax], [Currency], [SignDate], [EffectiveDate], [ExpiryDate], [ContractPeriod], [PaymentMethod], [DeliveryRequirements], [QualityRequirements], [WarrantyPeriod], [ContractTerms], [SpecialAgreements], [ContractStatus], [ApprovalStatus], [ApprovalFlowId], [ApprovalUserId], [ApprovalUserName], [ApprovalTime], [ApprovalComment], [ContractFilePath], [ContractScanPath], [IsTemplate], [ParentContractId], [Remark], [CreateTime], [CreateUserId], [CreateUserName], [CreateOrganizationId], [CreateOrganizationName], [ModifyTime], [ModifyUserId], [ModifyUserName], [ModifyOrganizationId], [ModifyOrganizationName]) VALUES (9, N'CT009', 9, N'PA009', 8, N'OPP008', 8, N'时尚服饰有限公司', N'时尚服饰电商平台项目合同', 1, CAST(266000.00 AS Decimal(18, 2)), CAST(13.00 AS Decimal(5, 2)), CAST(34580.00 AS Decimal(18, 2)), CAST(300580.00 AS Decimal(18, 2)), N'CNY', CAST(N'2026-01-27' AS Date), CAST(N'2026-01-27' AS Date), CAST(N'2027-01-27' AS Date), N'12个月', N'首付40%，开发完成30%，上线后20%，验收后10%', N'合同签订后150个工作日内完成平台开发和上线', N'平台应支持高并发访问，页面响应时间不超过3秒', N'提供一年免费运维支持', N'1. 乙方应保证平台的安全性和稳定性\n2. 甲方应提供品牌素材和商品信息\n3. 平台应支持多种营销活动配置\n4. 乙方需提供SEO优化建议\n5. 平台数据所有权归甲方所有', N'1. 平台需支持与线下门店系统库存同步\n2. 乙方需提供电商运营培训\n3. 项目需进行多轮压力测试', 1, 1, NULL, NULL, NULL, NULL, NULL, N'/contracts/2024/CT009/draft.pdf', NULL, 0, NULL, N'草稿阶段，需与客户确认最终需求', CAST(N'2026-01-27T11:10:39.497' AS DateTime), 60, N'雷刚', 1, N'销售部', NULL, NULL, NULL, NULL, NULL)
GO
INSERT [dbo].[Contract] ([ContractId], [ContractCode], [ProjectApprovalId], [ProjectApprovalCode], [OpportunityId], [OpportunityCode], [CustomerId], [CustomerName], [ContractName], [ContractType], [ContractAmount], [TaxRate], [TaxAmount], [ContractAmountWithTax], [Currency], [SignDate], [EffectiveDate], [ExpiryDate], [ContractPeriod], [PaymentMethod], [DeliveryRequirements], [QualityRequirements], [WarrantyPeriod], [ContractTerms], [SpecialAgreements], [ContractStatus], [ApprovalStatus], [ApprovalFlowId], [ApprovalUserId], [ApprovalUserName], [ApprovalTime], [ApprovalComment], [ContractFilePath], [ContractScanPath], [IsTemplate], [ParentContractId], [Remark], [CreateTime], [CreateUserId], [CreateUserName], [CreateOrganizationId], [CreateOrganizationName], [ModifyTime], [ModifyUserId], [ModifyUserName], [ModifyOrganizationId], [ModifyOrganizationName]) VALUES (10, N'CT010', 10, N'PA010', 10, N'OPP010', 10, N'物流运输有限公司', N'物流运输管理系统项目合同', 2, CAST(361000.00 AS Decimal(18, 2)), CAST(13.00 AS Decimal(5, 2)), CAST(46930.00 AS Decimal(18, 2)), CAST(407930.00 AS Decimal(18, 2)), N'CNY', CAST(N'2026-01-24' AS Date), CAST(N'2026-01-24' AS Date), CAST(N'2027-01-24' AS Date), N'12个月', N'首付30%，分三期支付，每期30天间隔', N'合同签订后120个工作日内完成系统部署和司机培训', N'系统应支持50辆运输车实时跟踪，定位准确率不低于95%', N'提供18个月免费维护', N'1. 乙方应确保GPS定位数据的准确性\n2. 甲方应提供车辆和司机基本信息\n3. 系统应支持运费自动计算\n4. 乙方需提供司机APP操作培训\n5. 项目实施期间产生的运输数据归甲方所有', N'1. 系统需支持与客户现有ERP系统对接\n2. 乙方需提供运输优化算法\n3. 司机APP需支持离线操作', 4, 3, 10, 106, N'李伟副总经理', CAST(N'2026-01-26T11:10:39.497' AS DateTime), N'物流行业信息化需求迫切，同意签署', N'/contracts/2024/CT010/main.pdf', N'/contracts/2024/CT010/scan.pdf', 0, NULL, N'客户要求增加部分定制功能，已包含在合同范围内', CAST(N'2026-01-22T11:10:39.497' AS DateTime), 60, N'雷刚', 1, N'销售部', NULL, NULL, NULL, NULL, NULL)
GO
INSERT [dbo].[Contract] ([ContractId], [ContractCode], [ProjectApprovalId], [ProjectApprovalCode], [OpportunityId], [OpportunityCode], [CustomerId], [CustomerName], [ContractName], [ContractType], [ContractAmount], [TaxRate], [TaxAmount], [ContractAmountWithTax], [Currency], [SignDate], [EffectiveDate], [ExpiryDate], [ContractPeriod], [PaymentMethod], [DeliveryRequirements], [QualityRequirements], [WarrantyPeriod], [ContractTerms], [SpecialAgreements], [ContractStatus], [ApprovalStatus], [ApprovalFlowId], [ApprovalUserId], [ApprovalUserName], [ApprovalTime], [ApprovalComment], [ContractFilePath], [ContractScanPath], [IsTemplate], [ParentContractId], [Remark], [CreateTime], [CreateUserId], [CreateUserName], [CreateOrganizationId], [CreateOrganizationName], [ModifyTime], [ModifyUserId], [ModifyUserName], [ModifyOrganizationId], [ModifyOrganizationName]) VALUES (11, N'CT011', 11, N'PA011', 13, N'OPP013', 13, N'互联网科技有限公司', N'互联网科技大数据平台项目合同', 2, CAST(646000.00 AS Decimal(18, 2)), CAST(6.00 AS Decimal(5, 2)), CAST(38760.00 AS Decimal(18, 2)), CAST(684760.00 AS Decimal(18, 2)), N'CNY', CAST(N'2026-01-25' AS Date), CAST(N'2026-01-25' AS Date), CAST(N'2028-01-25' AS Date), N'24个月', N'按项目里程碑付款，共分五个阶段', N'项目周期62个工作日，分阶段交付', N'平台应支持PB级数据处理，数据处理延迟不超过1小时', N'核心组件三年质保，软件永久授权', N'1. 乙方应提供大数据平台架构设计\n2. 甲方应提供数据源访问权限\n3. 平台应支持多种数据分析算法\n4. 乙方需提供数据治理咨询\n5. 项目产生的数据分析模型知识产权归双方共有', N'1. 平台需支持与客户现有业务系统对接\n2. 乙方需提供大数据技术培训\n3. 项目需进行多轮数据质量评估', 2, 2, 11, NULL, NULL, NULL, NULL, N'/contracts/2024/CT011/draft.pdf', NULL, 0, NULL, N'技术方案复杂，需要技术专家评审', CAST(N'2026-01-23T11:10:39.497' AS DateTime), 61, N'钱琳', 1, N'销售部', NULL, NULL, NULL, NULL, NULL)
GO
INSERT [dbo].[Contract] ([ContractId], [ContractCode], [ProjectApprovalId], [ProjectApprovalCode], [OpportunityId], [OpportunityCode], [CustomerId], [CustomerName], [ContractName], [ContractType], [ContractAmount], [TaxRate], [TaxAmount], [ContractAmountWithTax], [Currency], [SignDate], [EffectiveDate], [ExpiryDate], [ContractPeriod], [PaymentMethod], [DeliveryRequirements], [QualityRequirements], [WarrantyPeriod], [ContractTerms], [SpecialAgreements], [ContractStatus], [ApprovalStatus], [ApprovalFlowId], [ApprovalUserId], [ApprovalUserName], [ApprovalTime], [ApprovalComment], [ContractFilePath], [ContractScanPath], [IsTemplate], [ParentContractId], [Remark], [CreateTime], [CreateUserId], [CreateUserName], [CreateOrganizationId], [CreateOrganizationName], [ModifyTime], [ModifyUserId], [ModifyUserName], [ModifyOrganizationId], [ModifyOrganizationName]) VALUES (12, N'CT012', 12, N'PA012', 14, N'OPP014', 14, N'餐饮连锁有限公司', N'餐饮连锁信息化项目合同', 3, CAST(304000.00 AS Decimal(18, 2)), CAST(13.00 AS Decimal(5, 2)), CAST(39520.00 AS Decimal(18, 2)), CAST(343520.00 AS Decimal(18, 2)), N'CNY', CAST(N'2026-01-26' AS Date), CAST(N'2026-01-26' AS Date), CAST(N'2029-01-26' AS Date), N'36个月', N'按门店数量分期付款，首付30家门店费用', N'首批30家门店60天内上线，后续门店每月上线20家', N'系统应支持100+门店集中管理，高峰期订单处理能力不低于1000单/分钟', N'软件终身维护，每年收取15%维护费', N'1. 本协议为框架协议，具体门店实施签订补充协议\n2. 乙方应提供标准化的实施流程\n3. 甲方应按照实施计划安排门店配合\n4. 系统应支持多业态、多品牌管理\n5. 乙方需提供中央厨房管理系统', N'1. 协议期内所有门店统一使用本系统\n2. 乙方需提供门店标准化运营手册\n3. 系统需支持移动点餐和外卖平台对接', 3, 3, 12, 106, N'李伟副总经理', CAST(N'2026-01-27T11:10:39.497' AS DateTime), N'连锁餐饮项目规模大，有利于公司业务拓展，同意签署', N'/contracts/2024/CT012/main.pdf', N'/contracts/2024/CT012/scan.pdf', 0, NULL, N'首批试点30家门店，成功后可推广到所有门店', CAST(N'2026-01-24T11:10:39.497' AS DateTime), 61, N'钱琳', 1, N'销售部', NULL, NULL, NULL, NULL, NULL)
GO
SET IDENTITY_INSERT [dbo].[Contract] OFF
GO
SET IDENTITY_INSERT [dbo].[Product] ON 
GO
INSERT [dbo].[Product] ([ProductId], [ProductCode], [ProductName], [ProductType], [ProductCategory], [ProductSpecification], [Unit], [UnitPrice], [CostPrice], [MinimumStock], [CurrentStock], [Status], [Remark], [CreateTime], [CreateUserId], [CreateUserName], [CreateOrganizationId], [CreateOrganizationName], [ModifyTime], [ModifyUserId], [ModifyUserName], [ModifyOrganizationId], [ModifyOrganizationName]) VALUES (1, N'P001', N'笔记本电脑 Pro15', N'电子产品', N'电脑', N'CPU：Intel i7-12700H，内存：16GB DDR5，硬盘：512GB NVMe SSD，显卡：RTX 3050，屏幕：15.6英寸 2K IPS', N'台', CAST(8999.00 AS Decimal(18, 2)), CAST(6500.00 AS Decimal(18, 2)), 10, 25, 1, N'高性能办公娱乐笔记本电脑', CAST(N'2025-01-05T09:30:00.000' AS DateTime), 1, N'系统管理员', 1, N'宇宙科技有限公司总部', CAST(N'2025-06-15T14:20:00.000' AS DateTime), 1, N'系统管理员', 1, N'宇宙科技有限公司总部')
GO
INSERT [dbo].[Product] ([ProductId], [ProductCode], [ProductName], [ProductType], [ProductCategory], [ProductSpecification], [Unit], [UnitPrice], [CostPrice], [MinimumStock], [CurrentStock], [Status], [Remark], [CreateTime], [CreateUserId], [CreateUserName], [CreateOrganizationId], [CreateOrganizationName], [ModifyTime], [ModifyUserId], [ModifyUserName], [ModifyOrganizationId], [ModifyOrganizationName]) VALUES (2, N'P002', N'智能手机 X12', N'电子产品', N'手机', N'处理器：骁龙8 Gen2，内存：12GB+256GB，屏幕：6.7英寸 AMOLED 120Hz，摄像头：5000万像素主摄', N'台', CAST(4999.00 AS Decimal(18, 2)), CAST(3500.00 AS Decimal(18, 2)), 20, 50, 1, N'旗舰级智能手机', CAST(N'2025-01-08T14:15:00.000' AS DateTime), 1, N'系统管理员', 1, N'宇宙科技有限公司总部', CAST(N'2025-07-10T11:45:00.000' AS DateTime), 1, N'系统管理员', 1, N'宇宙科技有限公司总部')
GO
INSERT [dbo].[Product] ([ProductId], [ProductCode], [ProductName], [ProductType], [ProductCategory], [ProductSpecification], [Unit], [UnitPrice], [CostPrice], [MinimumStock], [CurrentStock], [Status], [Remark], [CreateTime], [CreateUserId], [CreateUserName], [CreateOrganizationId], [CreateOrganizationName], [ModifyTime], [ModifyUserId], [ModifyUserName], [ModifyOrganizationId], [ModifyOrganizationName]) VALUES (3, N'P003', N'平板电脑 Tab10', N'电子产品', N'平板', N'屏幕：10.5英寸 2.5K LCD，处理器：天玑9000，内存：8GB+128GB，电池：8000mAh，支持触控笔', N'台', CAST(3299.00 AS Decimal(18, 2)), CAST(2200.00 AS Decimal(18, 2)), 15, 30, 1, N'高性能平板电脑', CAST(N'2025-01-12T10:45:00.000' AS DateTime), 1, N'系统管理员', 1, N'宇宙科技有限公司总部', NULL, NULL, NULL, NULL, NULL)
GO
INSERT [dbo].[Product] ([ProductId], [ProductCode], [ProductName], [ProductType], [ProductCategory], [ProductSpecification], [Unit], [UnitPrice], [CostPrice], [MinimumStock], [CurrentStock], [Status], [Remark], [CreateTime], [CreateUserId], [CreateUserName], [CreateOrganizationId], [CreateOrganizationName], [ModifyTime], [ModifyUserId], [ModifyUserName], [ModifyOrganizationId], [ModifyOrganizationName]) VALUES (4, N'P004', N'智能手表 Watch3', N'电子产品', N'可穿戴设备', N'屏幕：1.75英寸 AMOLED，续航：7天，功能：心率监测、血氧检测、GPS、NFC', N'只', CAST(1299.00 AS Decimal(18, 2)), CAST(800.00 AS Decimal(18, 2)), 25, 60, 1, N'多功能智能手表', CAST(N'2025-01-15T13:20:00.000' AS DateTime), 1, N'系统管理员', 1, N'宇宙科技有限公司总部', CAST(N'2025-08-05T16:30:00.000' AS DateTime), 1, N'系统管理员', 1, N'宇宙科技有限公司总部')
GO
INSERT [dbo].[Product] ([ProductId], [ProductCode], [ProductName], [ProductType], [ProductCategory], [ProductSpecification], [Unit], [UnitPrice], [CostPrice], [MinimumStock], [CurrentStock], [Status], [Remark], [CreateTime], [CreateUserId], [CreateUserName], [CreateOrganizationId], [CreateOrganizationName], [ModifyTime], [ModifyUserId], [ModifyUserName], [ModifyOrganizationId], [ModifyOrganizationName]) VALUES (5, N'P005', N'无线耳机 Pro2', N'电子产品', N'音频设备', N'降噪：主动降噪，续航：30小时，蓝牙：5.3，防水：IPX4，支持无线充电', N'副', CAST(899.00 AS Decimal(18, 2)), CAST(500.00 AS Decimal(18, 2)), 30, 80, 1, N'高品质降噪耳机', CAST(N'2025-01-18T16:10:00.000' AS DateTime), 1, N'系统管理员', 1, N'宇宙科技有限公司总部', NULL, NULL, NULL, NULL, NULL)
GO
INSERT [dbo].[Product] ([ProductId], [ProductCode], [ProductName], [ProductType], [ProductCategory], [ProductSpecification], [Unit], [UnitPrice], [CostPrice], [MinimumStock], [CurrentStock], [Status], [Remark], [CreateTime], [CreateUserId], [CreateUserName], [CreateOrganizationId], [CreateOrganizationName], [ModifyTime], [ModifyUserId], [ModifyUserName], [ModifyOrganizationId], [ModifyOrganizationName]) VALUES (6, N'P006', N'4K显示器 U27', N'电子产品', N'显示器', N'尺寸：27英寸，分辨率：3840×2160，面板：IPS，刷新率：144Hz，接口：HDMI、DP、USB-C', N'台', CAST(2599.00 AS Decimal(18, 2)), CAST(1800.00 AS Decimal(18, 2)), 8, 15, 1, N'高刷新率4K显示器', CAST(N'2025-01-22T11:30:00.000' AS DateTime), 1, N'系统管理员', 1, N'宇宙科技有限公司总部', CAST(N'2025-09-12T09:15:00.000' AS DateTime), 1, N'系统管理员', 1, N'宇宙科技有限公司总部')
GO
INSERT [dbo].[Product] ([ProductId], [ProductCode], [ProductName], [ProductType], [ProductCategory], [ProductSpecification], [Unit], [UnitPrice], [CostPrice], [MinimumStock], [CurrentStock], [Status], [Remark], [CreateTime], [CreateUserId], [CreateUserName], [CreateOrganizationId], [CreateOrganizationName], [ModifyTime], [ModifyUserId], [ModifyUserName], [ModifyOrganizationId], [ModifyOrganizationName]) VALUES (7, N'P007', N'机械键盘 K8', N'电子产品', N'外设', N'轴体：Cherry MX红轴，键帽：PBT双色，背光：RGB，连接：有线/蓝牙双模，布局：87键', N'个', CAST(599.00 AS Decimal(18, 2)), CAST(350.00 AS Decimal(18, 2)), 40, 100, 1, N'游戏办公机械键盘', CAST(N'2025-01-25T14:50:00.000' AS DateTime), 1, N'系统管理员', 1, N'宇宙科技有限公司总部', NULL, NULL, NULL, NULL, NULL)
GO
INSERT [dbo].[Product] ([ProductId], [ProductCode], [ProductName], [ProductType], [ProductCategory], [ProductSpecification], [Unit], [UnitPrice], [CostPrice], [MinimumStock], [CurrentStock], [Status], [Remark], [CreateTime], [CreateUserId], [CreateUserName], [CreateOrganizationId], [CreateOrganizationName], [ModifyTime], [ModifyUserId], [ModifyUserName], [ModifyOrganizationId], [ModifyOrganizationName]) VALUES (8, N'P008', N'移动硬盘 2TB', N'电子产品', N'存储设备', N'容量：2TB，接口：USB 3.2 Gen2，传输速度：1000MB/s，尺寸：便携式，材质：金属外壳', N'个', CAST(699.00 AS Decimal(18, 2)), CAST(450.00 AS Decimal(18, 2)), 20, 50, 0, N'高速便携移动硬盘', CAST(N'2025-01-28T09:15:00.000' AS DateTime), 1, N'系统管理员', 1, N'宇宙科技有限公司总部', CAST(N'2025-10-08T14:40:00.000' AS DateTime), 1, N'系统管理员', 1, N'宇宙科技有限公司总部')
GO
INSERT [dbo].[Product] ([ProductId], [ProductCode], [ProductName], [ProductType], [ProductCategory], [ProductSpecification], [Unit], [UnitPrice], [CostPrice], [MinimumStock], [CurrentStock], [Status], [Remark], [CreateTime], [CreateUserId], [CreateUserName], [CreateOrganizationId], [CreateOrganizationName], [ModifyTime], [ModifyUserId], [ModifyUserName], [ModifyOrganizationId], [ModifyOrganizationName]) VALUES (9, N'P009', N'路由器 AX6000', N'电子产品', N'网络设备', N'WiFi标准：WiFi 6，速率：6000Mbps，频段：双频，带机量：256台，接口：2.5G WAN口', N'台', CAST(799.00 AS Decimal(18, 2)), CAST(500.00 AS Decimal(18, 2)), 12, 25, 1, N'高性能WiFi6路由器', CAST(N'2025-02-01T10:25:00.000' AS DateTime), 1, N'系统管理员', 1, N'宇宙科技有限公司总部', CAST(N'2025-11-20T16:10:00.000' AS DateTime), 1, N'系统管理员', 1, N'宇宙科技有限公司总部')
GO
INSERT [dbo].[Product] ([ProductId], [ProductCode], [ProductName], [ProductType], [ProductCategory], [ProductSpecification], [Unit], [UnitPrice], [CostPrice], [MinimumStock], [CurrentStock], [Status], [Remark], [CreateTime], [CreateUserId], [CreateUserName], [CreateOrganizationId], [CreateOrganizationName], [ModifyTime], [ModifyUserId], [ModifyUserName], [ModifyOrganizationId], [ModifyOrganizationName]) VALUES (10, N'P010', N'投影仪 P100', N'电子产品', N'影音设备', N'亮度：3000流明，分辨率：1080P，对比度：10000:1，系统：Android，支持4K解码', N'台', CAST(4299.00 AS Decimal(18, 2)), CAST(3000.00 AS Decimal(18, 2)), 6, 12, 1, N'高亮度家用投影仪', CAST(N'2025-02-05T15:40:00.000' AS DateTime), 1, N'系统管理员', 1, N'宇宙科技有限公司总部', NULL, NULL, NULL, NULL, NULL)
GO
SET IDENTITY_INSERT [dbo].[Product] OFF
GO
SET IDENTITY_INSERT [dbo].[ContractDetail] ON 
GO
INSERT [dbo].[ContractDetail] ([ContractDetailId], [ContractId], [ContractCode], [LineNumber], [ProductId], [ProductCode], [ProductName], [ProductSpecification], [Unit], [Quantity], [UnitPrice], [Amount], [TaxRate], [TaxAmount], [AmountWithTax], [DeliveryDate], [DeliveryAddress], [TechnicalParameters], [QualityStandard], [Remark], [CreateTime], [CreateUserId], [CreateUserName], [CreateOrganizationId], [CreateOrganizationName], [ModifyTime], [ModifyUserId], [ModifyUserName], [ModifyOrganizationId], [ModifyOrganizationName]) VALUES (1, 1, N'CT001', 1, 1, N'P001', N'笔记本电脑 Pro15', N'15.6英寸, i7处理器, 16GB内存, 512GB SSD', N'台', CAST(20.0000 AS Decimal(18, 4)), CAST(8999.00 AS Decimal(18, 2)), CAST(179980.00 AS Decimal(18, 2)), CAST(13.00 AS Decimal(5, 2)), CAST(23397.40 AS Decimal(18, 2)), CAST(203377.40 AS Decimal(18, 2)), CAST(N'2026-02-26' AS Date), N'北京市海淀区中关村大街1号', N'Intel Core i7-12700H, 16GB DDR4, 512GB NVMe SSD, NVIDIA GeForce RTX 3050', N'符合国家3C认证，通过ISO9001质量管理体系认证', N'用于项目经理和技术人员办公', CAST(N'2026-01-27T11:11:23.570' AS DateTime), 60, N'雷刚', 1, N'销售部', NULL, NULL, NULL, NULL, NULL)
GO
INSERT [dbo].[ContractDetail] ([ContractDetailId], [ContractId], [ContractCode], [LineNumber], [ProductId], [ProductCode], [ProductName], [ProductSpecification], [Unit], [Quantity], [UnitPrice], [Amount], [TaxRate], [TaxAmount], [AmountWithTax], [DeliveryDate], [DeliveryAddress], [TechnicalParameters], [QualityStandard], [Remark], [CreateTime], [CreateUserId], [CreateUserName], [CreateOrganizationId], [CreateOrganizationName], [ModifyTime], [ModifyUserId], [ModifyUserName], [ModifyOrganizationId], [ModifyOrganizationName]) VALUES (2, 1, N'CT001', 2, 10, N'P010', N'投影仪 P100', N'4000流明, 4K分辨率, 支持无线投屏', N'台', CAST(5.0000 AS Decimal(18, 4)), CAST(4299.00 AS Decimal(18, 2)), CAST(21495.00 AS Decimal(18, 2)), CAST(13.00 AS Decimal(5, 2)), CAST(2794.35 AS Decimal(18, 2)), CAST(24289.35 AS Decimal(18, 2)), CAST(N'2026-02-26' AS Date), N'北京市海淀区中关村大街1号', N'4000 ANSI流明，3840×2160分辨率，支持HDMI、USB接口', N'符合国家电子产品安全标准', N'用于会议室演示', CAST(N'2026-01-27T11:11:23.570' AS DateTime), 60, N'雷刚', 1, N'销售部', NULL, NULL, NULL, NULL, NULL)
GO
INSERT [dbo].[ContractDetail] ([ContractDetailId], [ContractId], [ContractCode], [LineNumber], [ProductId], [ProductCode], [ProductName], [ProductSpecification], [Unit], [Quantity], [UnitPrice], [Amount], [TaxRate], [TaxAmount], [AmountWithTax], [DeliveryDate], [DeliveryAddress], [TechnicalParameters], [QualityStandard], [Remark], [CreateTime], [CreateUserId], [CreateUserName], [CreateOrganizationId], [CreateOrganizationName], [ModifyTime], [ModifyUserId], [ModifyUserName], [ModifyOrganizationId], [ModifyOrganizationName]) VALUES (3, 1, N'CT001', 3, 9, N'P009', N'路由器 AX6000', N'Wi-Fi 6, 6000Mbps, 8个千兆口', N'台', CAST(10.0000 AS Decimal(18, 4)), CAST(799.00 AS Decimal(18, 2)), CAST(7990.00 AS Decimal(18, 2)), CAST(13.00 AS Decimal(5, 2)), CAST(1038.70 AS Decimal(18, 2)), CAST(9028.70 AS Decimal(18, 2)), CAST(N'2026-02-26' AS Date), N'北京市海淀区中关村大街1号', N'支持Wi-Fi 6，6000Mbps无线速率，8个千兆LAN口', N'符合国家无线设备入网标准', N'用于网络设备部署', CAST(N'2026-01-27T11:11:23.570' AS DateTime), 60, N'雷刚', 1, N'销售部', NULL, NULL, NULL, NULL, NULL)
GO
INSERT [dbo].[ContractDetail] ([ContractDetailId], [ContractId], [ContractCode], [LineNumber], [ProductId], [ProductCode], [ProductName], [ProductSpecification], [Unit], [Quantity], [UnitPrice], [Amount], [TaxRate], [TaxAmount], [AmountWithTax], [DeliveryDate], [DeliveryAddress], [TechnicalParameters], [QualityStandard], [Remark], [CreateTime], [CreateUserId], [CreateUserName], [CreateOrganizationId], [CreateOrganizationName], [ModifyTime], [ModifyUserId], [ModifyUserName], [ModifyOrganizationId], [ModifyOrganizationName]) VALUES (4, 2, N'CT002', 1, 10, N'P010', N'投影仪 P100', N'4000流明, 4K分辨率, 支持无线投屏', N'台', CAST(30.0000 AS Decimal(18, 4)), CAST(4299.00 AS Decimal(18, 2)), CAST(128970.00 AS Decimal(18, 2)), CAST(6.00 AS Decimal(5, 2)), CAST(7738.20 AS Decimal(18, 2)), CAST(136708.20 AS Decimal(18, 2)), CAST(N'2026-03-13' AS Date), N'上海市浦东新区张江高科技园区', N'4000 ANSI流明，3840×2160分辨率，支持HDMI、USB接口', N'符合国家电子产品安全标准', N'用于智慧教室建设', CAST(N'2026-01-27T11:11:23.570' AS DateTime), 60, N'雷刚', 1, N'销售部', NULL, NULL, NULL, NULL, NULL)
GO
INSERT [dbo].[ContractDetail] ([ContractDetailId], [ContractId], [ContractCode], [LineNumber], [ProductId], [ProductCode], [ProductName], [ProductSpecification], [Unit], [Quantity], [UnitPrice], [Amount], [TaxRate], [TaxAmount], [AmountWithTax], [DeliveryDate], [DeliveryAddress], [TechnicalParameters], [QualityStandard], [Remark], [CreateTime], [CreateUserId], [CreateUserName], [CreateOrganizationId], [CreateOrganizationName], [ModifyTime], [ModifyUserId], [ModifyUserName], [ModifyOrganizationId], [ModifyOrganizationName]) VALUES (5, 2, N'CT002', 2, 3, N'P003', N'平板电脑 Tab10', N'10.5英寸, 6GB内存, 128GB存储', N'台', CAST(100.0000 AS Decimal(18, 4)), CAST(3299.00 AS Decimal(18, 2)), CAST(329900.00 AS Decimal(18, 2)), CAST(6.00 AS Decimal(5, 2)), CAST(19794.00 AS Decimal(18, 2)), CAST(349694.00 AS Decimal(18, 2)), CAST(N'2026-03-13' AS Date), N'上海市浦东新区张江高科技园区', N'10.5英寸IPS屏，6GB RAM，128GB ROM，支持4G网络', N'符合国家3C认证，通过教育电子产品检测', N'用于学生互动学习', CAST(N'2026-01-27T11:11:23.570' AS DateTime), 60, N'雷刚', 1, N'销售部', NULL, NULL, NULL, NULL, NULL)
GO
INSERT [dbo].[ContractDetail] ([ContractDetailId], [ContractId], [ContractCode], [LineNumber], [ProductId], [ProductCode], [ProductName], [ProductSpecification], [Unit], [Quantity], [UnitPrice], [Amount], [TaxRate], [TaxAmount], [AmountWithTax], [DeliveryDate], [DeliveryAddress], [TechnicalParameters], [QualityStandard], [Remark], [CreateTime], [CreateUserId], [CreateUserName], [CreateOrganizationId], [CreateOrganizationName], [ModifyTime], [ModifyUserId], [ModifyUserName], [ModifyOrganizationId], [ModifyOrganizationName]) VALUES (6, 2, N'CT002', 3, 9, N'P009', N'路由器 AX6000', N'Wi-Fi 6, 6000Mbps, 8个千兆口', N'台', CAST(50.0000 AS Decimal(18, 4)), CAST(799.00 AS Decimal(18, 2)), CAST(39950.00 AS Decimal(18, 2)), CAST(6.00 AS Decimal(5, 2)), CAST(2397.00 AS Decimal(18, 2)), CAST(42347.00 AS Decimal(18, 2)), CAST(N'2026-03-13' AS Date), N'上海市浦东新区张江高科技园区', N'支持Wi-Fi 6，6000Mbps无线速率，8个千兆LAN口', N'符合国家无线设备入网标准', N'用于校园无线网络覆盖', CAST(N'2026-01-27T11:11:23.570' AS DateTime), 60, N'雷刚', 1, N'销售部', NULL, NULL, NULL, NULL, NULL)
GO
INSERT [dbo].[ContractDetail] ([ContractDetailId], [ContractId], [ContractCode], [LineNumber], [ProductId], [ProductCode], [ProductName], [ProductSpecification], [Unit], [Quantity], [UnitPrice], [Amount], [TaxRate], [TaxAmount], [AmountWithTax], [DeliveryDate], [DeliveryAddress], [TechnicalParameters], [QualityStandard], [Remark], [CreateTime], [CreateUserId], [CreateUserName], [CreateOrganizationId], [CreateOrganizationName], [ModifyTime], [ModifyUserId], [ModifyUserName], [ModifyOrganizationId], [ModifyOrganizationName]) VALUES (7, 3, N'CT003', 1, 1, N'P001', N'笔记本电脑 Pro15', N'15.6英寸, i7处理器, 16GB内存, 512GB SSD', N'台', CAST(40.0000 AS Decimal(18, 4)), CAST(8999.00 AS Decimal(18, 2)), CAST(359960.00 AS Decimal(18, 2)), CAST(6.00 AS Decimal(5, 2)), CAST(21597.60 AS Decimal(18, 2)), CAST(381557.60 AS Decimal(18, 2)), CAST(N'2026-03-28' AS Date), N'广州市天河区珠江新城', N'Intel Core i7-12700H, 16GB DDR4, 512GB NVMe SSD, NVIDIA GeForce RTX 3050', N'符合国家3C认证，通过ISO9001质量管理体系认证', N'用于医生工作站', CAST(N'2026-01-27T11:11:23.570' AS DateTime), 60, N'雷刚', 1, N'销售部', NULL, NULL, NULL, NULL, NULL)
GO
INSERT [dbo].[ContractDetail] ([ContractDetailId], [ContractId], [ContractCode], [LineNumber], [ProductId], [ProductCode], [ProductName], [ProductSpecification], [Unit], [Quantity], [UnitPrice], [Amount], [TaxRate], [TaxAmount], [AmountWithTax], [DeliveryDate], [DeliveryAddress], [TechnicalParameters], [QualityStandard], [Remark], [CreateTime], [CreateUserId], [CreateUserName], [CreateOrganizationId], [CreateOrganizationName], [ModifyTime], [ModifyUserId], [ModifyUserName], [ModifyOrganizationId], [ModifyOrganizationName]) VALUES (8, 3, N'CT003', 2, 6, N'P006', N'4K显示器 U27', N'27英寸, 4K分辨率, IPS面板', N'台', CAST(50.0000 AS Decimal(18, 4)), CAST(2599.00 AS Decimal(18, 2)), CAST(129950.00 AS Decimal(18, 2)), CAST(6.00 AS Decimal(5, 2)), CAST(7797.00 AS Decimal(18, 2)), CAST(137747.00 AS Decimal(18, 2)), CAST(N'2026-03-28' AS Date), N'广州市天河区珠江新城', N'27英寸IPS面板，3840×2160分辨率，99% sRGB色域', N'符合医疗影像显示标准', N'用于医疗影像显示', CAST(N'2026-01-27T11:11:23.570' AS DateTime), 60, N'雷刚', 1, N'销售部', NULL, NULL, NULL, NULL, NULL)
GO
INSERT [dbo].[ContractDetail] ([ContractDetailId], [ContractId], [ContractCode], [LineNumber], [ProductId], [ProductCode], [ProductName], [ProductSpecification], [Unit], [Quantity], [UnitPrice], [Amount], [TaxRate], [TaxAmount], [AmountWithTax], [DeliveryDate], [DeliveryAddress], [TechnicalParameters], [QualityStandard], [Remark], [CreateTime], [CreateUserId], [CreateUserName], [CreateOrganizationId], [CreateOrganizationName], [ModifyTime], [ModifyUserId], [ModifyUserName], [ModifyOrganizationId], [ModifyOrganizationName]) VALUES (9, 4, N'CT004', 1, 9, N'P009', N'路由器 AX6000', N'Wi-Fi 6, 6000Mbps, 8个千兆口', N'台', CAST(100.0000 AS Decimal(18, 4)), CAST(799.00 AS Decimal(18, 2)), CAST(79900.00 AS Decimal(18, 2)), CAST(13.00 AS Decimal(5, 2)), CAST(10387.00 AS Decimal(18, 2)), CAST(90287.00 AS Decimal(18, 2)), CAST(N'2026-02-26' AS Date), N'深圳市南山区科技园', N'支持Wi-Fi 6，6000Mbps无线速率，8个千兆LAN口', N'符合国家无线设备入网标准', N'用于智能家居网关', CAST(N'2026-01-27T11:11:23.570' AS DateTime), 60, N'雷刚', 1, N'销售部', NULL, NULL, NULL, NULL, NULL)
GO
INSERT [dbo].[ContractDetail] ([ContractDetailId], [ContractId], [ContractCode], [LineNumber], [ProductId], [ProductCode], [ProductName], [ProductSpecification], [Unit], [Quantity], [UnitPrice], [Amount], [TaxRate], [TaxAmount], [AmountWithTax], [DeliveryDate], [DeliveryAddress], [TechnicalParameters], [QualityStandard], [Remark], [CreateTime], [CreateUserId], [CreateUserName], [CreateOrganizationId], [CreateOrganizationName], [ModifyTime], [ModifyUserId], [ModifyUserName], [ModifyOrganizationId], [ModifyOrganizationName]) VALUES (10, 4, N'CT004', 2, 4, N'P004', N'智能手表 Watch3', N'1.6英寸AMOLED屏, 心率监测, GPS', N'只', CAST(200.0000 AS Decimal(18, 4)), CAST(1299.00 AS Decimal(18, 2)), CAST(259800.00 AS Decimal(18, 2)), CAST(13.00 AS Decimal(5, 2)), CAST(33774.00 AS Decimal(18, 2)), CAST(293574.00 AS Decimal(18, 2)), CAST(N'2026-02-26' AS Date), N'深圳市南山区科技园', N'1.6英寸AMOLED显示屏，支持心率监测、血氧检测、GPS定位', N'符合国家可穿戴设备标准', N'用于健康监测设备', CAST(N'2026-01-27T11:11:23.570' AS DateTime), 60, N'雷刚', 1, N'销售部', NULL, NULL, NULL, NULL, NULL)
GO
INSERT [dbo].[ContractDetail] ([ContractDetailId], [ContractId], [ContractCode], [LineNumber], [ProductId], [ProductCode], [ProductName], [ProductSpecification], [Unit], [Quantity], [UnitPrice], [Amount], [TaxRate], [TaxAmount], [AmountWithTax], [DeliveryDate], [DeliveryAddress], [TechnicalParameters], [QualityStandard], [Remark], [CreateTime], [CreateUserId], [CreateUserName], [CreateOrganizationId], [CreateOrganizationName], [ModifyTime], [ModifyUserId], [ModifyUserName], [ModifyOrganizationId], [ModifyOrganizationName]) VALUES (11, 5, N'CT005', 1, 1, N'P001', N'笔记本电脑 Pro15', N'15.6英寸, i7处理器, 16GB内存, 512GB SSD', N'台', CAST(10.0000 AS Decimal(18, 4)), CAST(8999.00 AS Decimal(18, 2)), CAST(89990.00 AS Decimal(18, 2)), CAST(13.00 AS Decimal(5, 2)), CAST(11698.70 AS Decimal(18, 2)), CAST(101688.70 AS Decimal(18, 2)), CAST(N'2026-02-11' AS Date), N'创新软件有限公司研发中心', N'Intel Core i7-12700H, 16GB DDR4, 512GB NVMe SSD, NVIDIA GeForce RTX 3050', N'符合国家3C认证，通过ISO9001质量管理体系认证', N'用于开发人员设备', CAST(N'2026-01-27T11:11:23.573' AS DateTime), 60, N'雷刚', 1, N'销售部', NULL, NULL, NULL, NULL, NULL)
GO
INSERT [dbo].[ContractDetail] ([ContractDetailId], [ContractId], [ContractCode], [LineNumber], [ProductId], [ProductCode], [ProductName], [ProductSpecification], [Unit], [Quantity], [UnitPrice], [Amount], [TaxRate], [TaxAmount], [AmountWithTax], [DeliveryDate], [DeliveryAddress], [TechnicalParameters], [QualityStandard], [Remark], [CreateTime], [CreateUserId], [CreateUserName], [CreateOrganizationId], [CreateOrganizationName], [ModifyTime], [ModifyUserId], [ModifyUserName], [ModifyOrganizationId], [ModifyOrganizationName]) VALUES (12, 5, N'CT005', 2, 7, N'P007', N'机械键盘 K8', N'87键, 青轴, RGB背光', N'个', CAST(20.0000 AS Decimal(18, 4)), CAST(599.00 AS Decimal(18, 2)), CAST(11980.00 AS Decimal(18, 2)), CAST(13.00 AS Decimal(5, 2)), CAST(1557.40 AS Decimal(18, 2)), CAST(13537.40 AS Decimal(18, 2)), CAST(N'2026-02-11' AS Date), N'创新软件有限公司研发中心', N'87键布局，Cherry MX青轴，RGB背光，PBT键帽', N'符合国家电子产品安全标准', N'用于开发人员外设', CAST(N'2026-01-27T11:11:23.573' AS DateTime), 60, N'雷刚', 1, N'销售部', NULL, NULL, NULL, NULL, NULL)
GO
INSERT [dbo].[ContractDetail] ([ContractDetailId], [ContractId], [ContractCode], [LineNumber], [ProductId], [ProductCode], [ProductName], [ProductSpecification], [Unit], [Quantity], [UnitPrice], [Amount], [TaxRate], [TaxAmount], [AmountWithTax], [DeliveryDate], [DeliveryAddress], [TechnicalParameters], [QualityStandard], [Remark], [CreateTime], [CreateUserId], [CreateUserName], [CreateOrganizationId], [CreateOrganizationName], [ModifyTime], [ModifyUserId], [ModifyUserName], [ModifyOrganizationId], [ModifyOrganizationName]) VALUES (13, 6, N'CT006', 1, 8, N'P008', N'移动硬盘 2TB', N'USB 3.2, 2TB容量, 抗震防摔', N'个', CAST(50.0000 AS Decimal(18, 4)), CAST(699.00 AS Decimal(18, 2)), CAST(34950.00 AS Decimal(18, 2)), CAST(13.00 AS Decimal(5, 2)), CAST(4543.50 AS Decimal(18, 2)), CAST(39493.50 AS Decimal(18, 2)), CAST(N'2026-03-13' AS Date), N'绿色能源股份有限公司厂区', N'USB 3.2接口，2TB存储容量，抗震防摔设计', N'符合国家存储设备标准', N'用于数据备份存储', CAST(N'2026-01-27T11:11:23.573' AS DateTime), 60, N'雷刚', 1, N'销售部', NULL, NULL, NULL, NULL, NULL)
GO
INSERT [dbo].[ContractDetail] ([ContractDetailId], [ContractId], [ContractCode], [LineNumber], [ProductId], [ProductCode], [ProductName], [ProductSpecification], [Unit], [Quantity], [UnitPrice], [Amount], [TaxRate], [TaxAmount], [AmountWithTax], [DeliveryDate], [DeliveryAddress], [TechnicalParameters], [QualityStandard], [Remark], [CreateTime], [CreateUserId], [CreateUserName], [CreateOrganizationId], [CreateOrganizationName], [ModifyTime], [ModifyUserId], [ModifyUserName], [ModifyOrganizationId], [ModifyOrganizationName]) VALUES (14, 6, N'CT006', 2, 9, N'P009', N'路由器 AX6000', N'Wi-Fi 6, 6000Mbps, 8个千兆口', N'台', CAST(30.0000 AS Decimal(18, 4)), CAST(799.00 AS Decimal(18, 2)), CAST(23970.00 AS Decimal(18, 2)), CAST(13.00 AS Decimal(5, 2)), CAST(3116.10 AS Decimal(18, 2)), CAST(27086.10 AS Decimal(18, 2)), CAST(N'2026-03-13' AS Date), N'绿色能源股份有限公司厂区', N'支持Wi-Fi 6，6000Mbps无线速率，8个千兆LAN口', N'符合国家无线设备入网标准', N'用于厂区网络覆盖', CAST(N'2026-01-27T11:11:23.573' AS DateTime), 60, N'雷刚', 1, N'销售部', NULL, NULL, NULL, NULL, NULL)
GO
INSERT [dbo].[ContractDetail] ([ContractDetailId], [ContractId], [ContractCode], [LineNumber], [ProductId], [ProductCode], [ProductName], [ProductSpecification], [Unit], [Quantity], [UnitPrice], [Amount], [TaxRate], [TaxAmount], [AmountWithTax], [DeliveryDate], [DeliveryAddress], [TechnicalParameters], [QualityStandard], [Remark], [CreateTime], [CreateUserId], [CreateUserName], [CreateOrganizationId], [CreateOrganizationName], [ModifyTime], [ModifyUserId], [ModifyUserName], [ModifyOrganizationId], [ModifyOrganizationName]) VALUES (15, 7, N'CT007', 1, 2, N'P002', N'智能手机 X12', N'6.7英寸, 骁龙888, 12GB+256GB', N'台', CAST(30.0000 AS Decimal(18, 4)), CAST(4999.00 AS Decimal(18, 2)), CAST(149970.00 AS Decimal(18, 2)), CAST(13.00 AS Decimal(5, 2)), CAST(19496.10 AS Decimal(18, 2)), CAST(169466.10 AS Decimal(18, 2)), CAST(N'2026-02-26' AS Date), N'华美商贸有限公司总部', N'6.7英寸AMOLED屏，骁龙888处理器，12GB RAM，256GB ROM', N'符合国家3C认证，通过入网许可', N'用于移动办公和库存管理', CAST(N'2026-01-27T11:11:23.573' AS DateTime), 60, N'雷刚', 1, N'销售部', NULL, NULL, NULL, NULL, NULL)
GO
INSERT [dbo].[ContractDetail] ([ContractDetailId], [ContractId], [ContractCode], [LineNumber], [ProductId], [ProductCode], [ProductName], [ProductSpecification], [Unit], [Quantity], [UnitPrice], [Amount], [TaxRate], [TaxAmount], [AmountWithTax], [DeliveryDate], [DeliveryAddress], [TechnicalParameters], [QualityStandard], [Remark], [CreateTime], [CreateUserId], [CreateUserName], [CreateOrganizationId], [CreateOrganizationName], [ModifyTime], [ModifyUserId], [ModifyUserName], [ModifyOrganizationId], [ModifyOrganizationName]) VALUES (16, 7, N'CT007', 2, 3, N'P003', N'平板电脑 Tab10', N'10.5英寸, 6GB内存, 128GB存储', N'台', CAST(20.0000 AS Decimal(18, 4)), CAST(3299.00 AS Decimal(18, 2)), CAST(65980.00 AS Decimal(18, 2)), CAST(13.00 AS Decimal(5, 2)), CAST(8577.40 AS Decimal(18, 2)), CAST(74557.40 AS Decimal(18, 2)), CAST(N'2026-02-26' AS Date), N'华美商贸有限公司总部', N'10.5英寸IPS屏，6GB RAM，128GB ROM，支持4G网络', N'符合国家3C认证', N'用于仓库管理', CAST(N'2026-01-27T11:11:23.573' AS DateTime), 60, N'雷刚', 1, N'销售部', NULL, NULL, NULL, NULL, NULL)
GO
INSERT [dbo].[ContractDetail] ([ContractDetailId], [ContractId], [ContractCode], [LineNumber], [ProductId], [ProductCode], [ProductName], [ProductSpecification], [Unit], [Quantity], [UnitPrice], [Amount], [TaxRate], [TaxAmount], [AmountWithTax], [DeliveryDate], [DeliveryAddress], [TechnicalParameters], [QualityStandard], [Remark], [CreateTime], [CreateUserId], [CreateUserName], [CreateOrganizationId], [CreateOrganizationName], [ModifyTime], [ModifyUserId], [ModifyUserName], [ModifyOrganizationId], [ModifyOrganizationName]) VALUES (17, 8, N'CT008', 1, 3, N'P003', N'平板电脑 Tab10', N'10.5英寸, 6GB内存, 128GB存储', N'台', CAST(50.0000 AS Decimal(18, 4)), CAST(3299.00 AS Decimal(18, 2)), CAST(164950.00 AS Decimal(18, 2)), CAST(13.00 AS Decimal(5, 2)), CAST(21443.50 AS Decimal(18, 2)), CAST(186393.50 AS Decimal(18, 2)), CAST(N'2026-03-28' AS Date), N'美味食品有限公司生产厂区', N'10.5英寸IPS屏，6GB RAM，128GB ROM，支持4G网络', N'符合食品行业防尘防水要求', N'用于生产线数据采集', CAST(N'2026-01-27T11:11:23.573' AS DateTime), 60, N'雷刚', 1, N'销售部', NULL, NULL, NULL, NULL, NULL)
GO
INSERT [dbo].[ContractDetail] ([ContractDetailId], [ContractId], [ContractCode], [LineNumber], [ProductId], [ProductCode], [ProductName], [ProductSpecification], [Unit], [Quantity], [UnitPrice], [Amount], [TaxRate], [TaxAmount], [AmountWithTax], [DeliveryDate], [DeliveryAddress], [TechnicalParameters], [QualityStandard], [Remark], [CreateTime], [CreateUserId], [CreateUserName], [CreateOrganizationId], [CreateOrganizationName], [ModifyTime], [ModifyUserId], [ModifyUserName], [ModifyOrganizationId], [ModifyOrganizationName]) VALUES (18, 8, N'CT008', 2, 8, N'P008', N'移动硬盘 2TB', N'USB 3.2, 2TB容量, 抗震防摔', N'个', CAST(30.0000 AS Decimal(18, 4)), CAST(699.00 AS Decimal(18, 2)), CAST(20970.00 AS Decimal(18, 2)), CAST(13.00 AS Decimal(5, 2)), CAST(2726.10 AS Decimal(18, 2)), CAST(23696.10 AS Decimal(18, 2)), CAST(N'2026-03-28' AS Date), N'美味食品有限公司生产厂区', N'USB 3.2接口，2TB存储容量，抗震防摔设计', N'符合国家存储设备标准', N'用于生产数据备份', CAST(N'2026-01-27T11:11:23.573' AS DateTime), 60, N'雷刚', 1, N'销售部', NULL, NULL, NULL, NULL, NULL)
GO
INSERT [dbo].[ContractDetail] ([ContractDetailId], [ContractId], [ContractCode], [LineNumber], [ProductId], [ProductCode], [ProductName], [ProductSpecification], [Unit], [Quantity], [UnitPrice], [Amount], [TaxRate], [TaxAmount], [AmountWithTax], [DeliveryDate], [DeliveryAddress], [TechnicalParameters], [QualityStandard], [Remark], [CreateTime], [CreateUserId], [CreateUserName], [CreateOrganizationId], [CreateOrganizationName], [ModifyTime], [ModifyUserId], [ModifyUserName], [ModifyOrganizationId], [ModifyOrganizationName]) VALUES (19, 9, N'CT009', 1, 1, N'P001', N'笔记本电脑 Pro15', N'15.6英寸, i7处理器, 16GB内存, 512GB SSD', N'台', CAST(15.0000 AS Decimal(18, 4)), CAST(8999.00 AS Decimal(18, 2)), CAST(134985.00 AS Decimal(18, 2)), CAST(13.00 AS Decimal(5, 2)), CAST(17548.05 AS Decimal(18, 2)), CAST(152533.05 AS Decimal(18, 2)), CAST(N'2026-04-27' AS Date), N'时尚服饰有限公司电商部', N'Intel Core i7-12700H, 16GB DDR4, 512GB NVMe SSD, NVIDIA GeForce RTX 3050', N'符合国家3C认证，通过ISO9001质量管理体系认证', N'用于电商运营团队', CAST(N'2026-01-27T11:11:23.573' AS DateTime), 60, N'雷刚', 1, N'销售部', NULL, NULL, NULL, NULL, NULL)
GO
INSERT [dbo].[ContractDetail] ([ContractDetailId], [ContractId], [ContractCode], [LineNumber], [ProductId], [ProductCode], [ProductName], [ProductSpecification], [Unit], [Quantity], [UnitPrice], [Amount], [TaxRate], [TaxAmount], [AmountWithTax], [DeliveryDate], [DeliveryAddress], [TechnicalParameters], [QualityStandard], [Remark], [CreateTime], [CreateUserId], [CreateUserName], [CreateOrganizationId], [CreateOrganizationName], [ModifyTime], [ModifyUserId], [ModifyUserName], [ModifyOrganizationId], [ModifyOrganizationName]) VALUES (20, 9, N'CT009', 2, 6, N'P006', N'4K显示器 U27', N'27英寸, 4K分辨率, IPS面板', N'台', CAST(20.0000 AS Decimal(18, 4)), CAST(2599.00 AS Decimal(18, 2)), CAST(51980.00 AS Decimal(18, 2)), CAST(13.00 AS Decimal(5, 2)), CAST(6757.40 AS Decimal(18, 2)), CAST(58737.40 AS Decimal(18, 2)), CAST(N'2026-04-27' AS Date), N'时尚服饰有限公司电商部', N'27英寸IPS面板，3840×2160分辨率，99% sRGB色域', N'符合国家显示器标准', N'用于商品图片处理', CAST(N'2026-01-27T11:11:23.573' AS DateTime), 60, N'雷刚', 1, N'销售部', NULL, NULL, NULL, NULL, NULL)
GO
INSERT [dbo].[ContractDetail] ([ContractDetailId], [ContractId], [ContractCode], [LineNumber], [ProductId], [ProductCode], [ProductName], [ProductSpecification], [Unit], [Quantity], [UnitPrice], [Amount], [TaxRate], [TaxAmount], [AmountWithTax], [DeliveryDate], [DeliveryAddress], [TechnicalParameters], [QualityStandard], [Remark], [CreateTime], [CreateUserId], [CreateUserName], [CreateOrganizationId], [CreateOrganizationName], [ModifyTime], [ModifyUserId], [ModifyUserName], [ModifyOrganizationId], [ModifyOrganizationName]) VALUES (21, 10, N'CT010', 1, 2, N'P002', N'智能手机 X12', N'6.7英寸, 骁龙888, 12GB+256GB', N'台', CAST(50.0000 AS Decimal(18, 4)), CAST(4999.00 AS Decimal(18, 2)), CAST(249950.00 AS Decimal(18, 2)), CAST(13.00 AS Decimal(5, 2)), CAST(32493.50 AS Decimal(18, 2)), CAST(282443.50 AS Decimal(18, 2)), CAST(N'2026-02-26' AS Date), N'物流运输有限公司调度中心', N'6.7英寸AMOLED屏，骁龙888处理器，12GB RAM，256GB ROM', N'符合国家3C认证，通过入网许可', N'用于司机移动终端', CAST(N'2026-01-27T11:11:23.573' AS DateTime), 60, N'雷刚', 1, N'销售部', NULL, NULL, NULL, NULL, NULL)
GO
INSERT [dbo].[ContractDetail] ([ContractDetailId], [ContractId], [ContractCode], [LineNumber], [ProductId], [ProductCode], [ProductName], [ProductSpecification], [Unit], [Quantity], [UnitPrice], [Amount], [TaxRate], [TaxAmount], [AmountWithTax], [DeliveryDate], [DeliveryAddress], [TechnicalParameters], [QualityStandard], [Remark], [CreateTime], [CreateUserId], [CreateUserName], [CreateOrganizationId], [CreateOrganizationName], [ModifyTime], [ModifyUserId], [ModifyUserName], [ModifyOrganizationId], [ModifyOrganizationName]) VALUES (22, 10, N'CT010', 2, 4, N'P004', N'智能手表 Watch3', N'1.6英寸AMOLED屏, 心率监测, GPS', N'只', CAST(30.0000 AS Decimal(18, 4)), CAST(1299.00 AS Decimal(18, 2)), CAST(38970.00 AS Decimal(18, 2)), CAST(13.00 AS Decimal(5, 2)), CAST(5066.10 AS Decimal(18, 2)), CAST(44036.10 AS Decimal(18, 2)), CAST(N'2026-02-26' AS Date), N'物流运输有限公司调度中心', N'1.6英寸AMOLED显示屏，支持心率监测、血氧检测、GPS定位', N'符合国家可穿戴设备标准', N'用于司机健康监测', CAST(N'2026-01-27T11:11:23.573' AS DateTime), 60, N'雷刚', 1, N'销售部', NULL, NULL, NULL, NULL, NULL)
GO
INSERT [dbo].[ContractDetail] ([ContractDetailId], [ContractId], [ContractCode], [LineNumber], [ProductId], [ProductCode], [ProductName], [ProductSpecification], [Unit], [Quantity], [UnitPrice], [Amount], [TaxRate], [TaxAmount], [AmountWithTax], [DeliveryDate], [DeliveryAddress], [TechnicalParameters], [QualityStandard], [Remark], [CreateTime], [CreateUserId], [CreateUserName], [CreateOrganizationId], [CreateOrganizationName], [ModifyTime], [ModifyUserId], [ModifyUserName], [ModifyOrganizationId], [ModifyOrganizationName]) VALUES (23, 11, N'CT011', 1, 1, N'P001', N'笔记本电脑 Pro15', N'15.6英寸, i7处理器, 16GB内存, 512GB SSD', N'台', CAST(30.0000 AS Decimal(18, 4)), CAST(8999.00 AS Decimal(18, 2)), CAST(269970.00 AS Decimal(18, 2)), CAST(6.00 AS Decimal(5, 2)), CAST(16198.20 AS Decimal(18, 2)), CAST(286168.20 AS Decimal(18, 2)), CAST(N'2026-03-13' AS Date), N'互联网科技有限公司数据中心', N'Intel Core i7-12700H, 16GB DDR4, 512GB NVMe SSD, NVIDIA GeForce RTX 3050', N'符合国家3C认证，通过ISO9001质量管理体系认证', N'用于大数据工程师设备', CAST(N'2026-01-27T11:11:23.573' AS DateTime), 61, N'钱琳', 1, N'销售部', NULL, NULL, NULL, NULL, NULL)
GO
INSERT [dbo].[ContractDetail] ([ContractDetailId], [ContractId], [ContractCode], [LineNumber], [ProductId], [ProductCode], [ProductName], [ProductSpecification], [Unit], [Quantity], [UnitPrice], [Amount], [TaxRate], [TaxAmount], [AmountWithTax], [DeliveryDate], [DeliveryAddress], [TechnicalParameters], [QualityStandard], [Remark], [CreateTime], [CreateUserId], [CreateUserName], [CreateOrganizationId], [CreateOrganizationName], [ModifyTime], [ModifyUserId], [ModifyUserName], [ModifyOrganizationId], [ModifyOrganizationName]) VALUES (24, 11, N'CT011', 2, 8, N'P008', N'移动硬盘 2TB', N'USB 3.2, 2TB容量, 抗震防摔', N'个', CAST(100.0000 AS Decimal(18, 4)), CAST(699.00 AS Decimal(18, 2)), CAST(69900.00 AS Decimal(18, 2)), CAST(6.00 AS Decimal(5, 2)), CAST(4194.00 AS Decimal(18, 2)), CAST(74094.00 AS Decimal(18, 2)), CAST(N'2026-03-13' AS Date), N'互联网科技有限公司数据中心', N'USB 3.2接口，2TB存储容量，抗震防摔设计', N'符合国家存储设备标准', N'用于数据备份和迁移', CAST(N'2026-01-27T11:11:23.573' AS DateTime), 61, N'钱琳', 1, N'销售部', NULL, NULL, NULL, NULL, NULL)
GO
INSERT [dbo].[ContractDetail] ([ContractDetailId], [ContractId], [ContractCode], [LineNumber], [ProductId], [ProductCode], [ProductName], [ProductSpecification], [Unit], [Quantity], [UnitPrice], [Amount], [TaxRate], [TaxAmount], [AmountWithTax], [DeliveryDate], [DeliveryAddress], [TechnicalParameters], [QualityStandard], [Remark], [CreateTime], [CreateUserId], [CreateUserName], [CreateOrganizationId], [CreateOrganizationName], [ModifyTime], [ModifyUserId], [ModifyUserName], [ModifyOrganizationId], [ModifyOrganizationName]) VALUES (25, 12, N'CT012', 1, 3, N'P003', N'平板电脑 Tab10', N'10.5英寸, 6GB内存, 128GB存储', N'台', CAST(100.0000 AS Decimal(18, 4)), CAST(3299.00 AS Decimal(18, 2)), CAST(329900.00 AS Decimal(18, 2)), CAST(13.00 AS Decimal(5, 2)), CAST(42887.00 AS Decimal(18, 2)), CAST(372787.00 AS Decimal(18, 2)), CAST(N'2026-03-28' AS Date), N'餐饮连锁有限公司总部', N'10.5英寸IPS屏，6GB RAM，128GB ROM，支持4G网络', N'符合餐饮行业防水防油要求', N'用于门店点餐系统', CAST(N'2026-01-27T11:11:23.573' AS DateTime), 61, N'钱琳', 1, N'销售部', NULL, NULL, NULL, NULL, NULL)
GO
INSERT [dbo].[ContractDetail] ([ContractDetailId], [ContractId], [ContractCode], [LineNumber], [ProductId], [ProductCode], [ProductName], [ProductSpecification], [Unit], [Quantity], [UnitPrice], [Amount], [TaxRate], [TaxAmount], [AmountWithTax], [DeliveryDate], [DeliveryAddress], [TechnicalParameters], [QualityStandard], [Remark], [CreateTime], [CreateUserId], [CreateUserName], [CreateOrganizationId], [CreateOrganizationName], [ModifyTime], [ModifyUserId], [ModifyUserName], [ModifyOrganizationId], [ModifyOrganizationName]) VALUES (26, 12, N'CT012', 2, 5, N'P005', N'无线耳机 Pro2', N'主动降噪, 30小时续航, 蓝牙5.2', N'副', CAST(50.0000 AS Decimal(18, 4)), CAST(899.00 AS Decimal(18, 2)), CAST(44950.00 AS Decimal(18, 2)), CAST(13.00 AS Decimal(5, 2)), CAST(5843.50 AS Decimal(18, 2)), CAST(50793.50 AS Decimal(18, 2)), CAST(N'2026-03-28' AS Date), N'餐饮连锁有限公司总部', N'主动降噪技术，30小时总续航，蓝牙5.2连接', N'符合国家音频设备标准', N'用于客服中心', CAST(N'2026-01-27T11:11:23.573' AS DateTime), 61, N'钱琳', 1, N'销售部', NULL, NULL, NULL, NULL, NULL)
GO
INSERT [dbo].[ContractDetail] ([ContractDetailId], [ContractId], [ContractCode], [LineNumber], [ProductId], [ProductCode], [ProductName], [ProductSpecification], [Unit], [Quantity], [UnitPrice], [Amount], [TaxRate], [TaxAmount], [AmountWithTax], [DeliveryDate], [DeliveryAddress], [TechnicalParameters], [QualityStandard], [Remark], [CreateTime], [CreateUserId], [CreateUserName], [CreateOrganizationId], [CreateOrganizationName], [ModifyTime], [ModifyUserId], [ModifyUserName], [ModifyOrganizationId], [ModifyOrganizationName]) VALUES (27, 12, N'CT012', 3, 7, N'P007', N'机械键盘 K8', N'87键, 青轴, RGB背光', N'个', CAST(30.0000 AS Decimal(18, 4)), CAST(599.00 AS Decimal(18, 2)), CAST(17970.00 AS Decimal(18, 2)), CAST(13.00 AS Decimal(5, 2)), CAST(2336.10 AS Decimal(18, 2)), CAST(20306.10 AS Decimal(18, 2)), CAST(N'2026-03-28' AS Date), N'餐饮连锁有限公司总部', N'87键布局，Cherry MX青轴，RGB背光，PBT键帽', N'符合国家电子产品安全标准', N'用于后台管理', CAST(N'2026-01-27T11:11:23.573' AS DateTime), 61, N'钱琳', 1, N'销售部', NULL, NULL, NULL, NULL, NULL)
GO
SET IDENTITY_INSERT [dbo].[ContractDetail] OFF
GO
SET IDENTITY_INSERT [dbo].[Quotation] ON 
GO
INSERT [dbo].[Quotation] ([QuotationId], [QuotationCode], [OpportunityId], [OpportunityCode], [CustomerId], [CustomerName], [QuotationDate], [ValidUntilDate], [TotalAmount], [TaxRate], [TaxAmount], [TotalAmountWithTax], [Currency], [PaymentTerms], [DeliveryTerms], [WarrantyTerms], [SpecialTerms], [QuotationStatus], [ApprovalStatus], [ApprovalFlowId], [ApprovalUserId], [ApprovalUserName], [ApprovalTime], [ApprovalComment], [CustomerFeedback], [CustomerConfirmTime], [NextFollowUpTime], [Remark], [CreateTime], [CreateUserId], [CreateUserName], [CreateOrganizationId], [CreateOrganizationName], [ModifyTime], [ModifyUserId], [ModifyUserName], [ModifyOrganizationId], [ModifyOrganizationName]) VALUES (1, N'QUO001', 2, N'OPP002', 2, N'创新软件有限公司', CAST(N'2026-01-17' AS Date), CAST(N'2026-02-16' AS Date), CAST(190000.00 AS Decimal(18, 2)), CAST(13.00 AS Decimal(5, 2)), CAST(24700.00 AS Decimal(18, 2)), CAST(214700.00 AS Decimal(18, 2)), N'CNY', N'首付30%，开发完成30%，验收后30%，质保期满后10%', N'合同签订后45个工作日内完成开发交付', N'提供一年免费维护，终身有偿技术支持', N'源代码所有权归客户所有', 4, 3, 1, 101, N'审批专员', CAST(N'2026-01-19T11:10:30.713' AS DateTime), N'报价合理，符合市场行情', N'客户对报价基本满意，需要内部审批', CAST(N'2026-01-25T11:10:30.713' AS DateTime), CAST(N'2026-02-01T11:10:30.713' AS DateTime), N'客户预算有限，已给予适当折扣', CAST(N'2026-01-27T11:10:30.713' AS DateTime), 60, N'雷刚', 1, N'销售部', NULL, NULL, NULL, NULL, NULL)
GO
INSERT [dbo].[Quotation] ([QuotationId], [QuotationCode], [OpportunityId], [OpportunityCode], [CustomerId], [CustomerName], [QuotationDate], [ValidUntilDate], [TotalAmount], [TaxRate], [TaxAmount], [TotalAmountWithTax], [Currency], [PaymentTerms], [DeliveryTerms], [WarrantyTerms], [SpecialTerms], [QuotationStatus], [ApprovalStatus], [ApprovalFlowId], [ApprovalUserId], [ApprovalUserName], [ApprovalTime], [ApprovalComment], [CustomerFeedback], [CustomerConfirmTime], [NextFollowUpTime], [Remark], [CreateTime], [CreateUserId], [CreateUserName], [CreateOrganizationId], [CreateOrganizationName], [ModifyTime], [ModifyUserId], [ModifyUserName], [ModifyOrganizationId], [ModifyOrganizationName]) VALUES (2, N'QUO002', 4, N'OPP004', 4, N'绿色能源股份有限公司', CAST(N'2026-01-12' AS Date), CAST(N'2026-02-11' AS Date), CAST(285000.00 AS Decimal(18, 2)), CAST(13.00 AS Decimal(5, 2)), CAST(37050.00 AS Decimal(18, 2)), CAST(322050.00 AS Decimal(18, 2)), N'CNY', N'首付40%，设备到货30%，验收后20%，质保期满后10%', N'合同签订后30个工作日内设备到货，15个工作日内安装调试完成', N'设备提供三年质保，软件提供一年免费升级', N'包含现场培训和远程技术支持', 3, 3, 1, 101, N'审批专员', CAST(N'2026-01-15T11:10:30.713' AS DateTime), N'符合预算范围，方案完整', N'客户正在对比几家供应商的报价', NULL, CAST(N'2026-01-30T11:10:30.713' AS DateTime), N'客户对节能效果有明确要求', CAST(N'2026-01-27T11:10:30.713' AS DateTime), 60, N'雷刚', 1, N'销售部', NULL, NULL, NULL, NULL, NULL)
GO
INSERT [dbo].[Quotation] ([QuotationId], [QuotationCode], [OpportunityId], [OpportunityCode], [CustomerId], [CustomerName], [QuotationDate], [ValidUntilDate], [TotalAmount], [TaxRate], [TaxAmount], [TotalAmountWithTax], [Currency], [PaymentTerms], [DeliveryTerms], [WarrantyTerms], [SpecialTerms], [QuotationStatus], [ApprovalStatus], [ApprovalFlowId], [ApprovalUserId], [ApprovalUserName], [ApprovalTime], [ApprovalComment], [CustomerFeedback], [CustomerConfirmTime], [NextFollowUpTime], [Remark], [CreateTime], [CreateUserId], [CreateUserName], [CreateOrganizationId], [CreateOrganizationName], [ModifyTime], [ModifyUserId], [ModifyUserName], [ModifyOrganizationId], [ModifyOrganizationName]) VALUES (3, N'QUO003', 5, N'OPP005', 5, N'华美商贸有限公司', CAST(N'2026-01-20' AS Date), CAST(N'2026-02-19' AS Date), CAST(237500.00 AS Decimal(18, 2)), CAST(13.00 AS Decimal(5, 2)), CAST(30875.00 AS Decimal(18, 2)), CAST(268375.00 AS Decimal(18, 2)), N'CNY', N'首付50%，实施完成30%，验收后20%', N'合同签订后60个工作日内完成实施', N'提供一年免费维护，提供两次免费升级', N'包含三个月的现场支持', 4, 3, 1, 101, N'审批专员', CAST(N'2026-01-22T11:10:30.713' AS DateTime), N'价格有竞争力，建议尽快签约', N'客户已确认报价，准备合同审批', CAST(N'2026-01-26T11:10:30.713' AS DateTime), CAST(N'2026-02-03T11:10:30.713' AS DateTime), N'客户为老客户推荐，关系良好', CAST(N'2026-01-27T11:10:30.713' AS DateTime), 60, N'雷刚', 1, N'销售部', NULL, NULL, NULL, NULL, NULL)
GO
INSERT [dbo].[Quotation] ([QuotationId], [QuotationCode], [OpportunityId], [OpportunityCode], [CustomerId], [CustomerName], [QuotationDate], [ValidUntilDate], [TotalAmount], [TaxRate], [TaxAmount], [TotalAmountWithTax], [Currency], [PaymentTerms], [DeliveryTerms], [WarrantyTerms], [SpecialTerms], [QuotationStatus], [ApprovalStatus], [ApprovalFlowId], [ApprovalUserId], [ApprovalUserName], [ApprovalTime], [ApprovalComment], [CustomerFeedback], [CustomerConfirmTime], [NextFollowUpTime], [Remark], [CreateTime], [CreateUserId], [CreateUserName], [CreateOrganizationId], [CreateOrganizationName], [ModifyTime], [ModifyUserId], [ModifyUserName], [ModifyOrganizationId], [ModifyOrganizationName]) VALUES (4, N'QUO004', 7, N'OPP007', 7, N'美味食品有限公司', CAST(N'2026-01-22' AS Date), CAST(N'2026-02-21' AS Date), CAST(332500.00 AS Decimal(18, 2)), CAST(13.00 AS Decimal(5, 2)), CAST(43225.00 AS Decimal(18, 2)), CAST(375725.00 AS Decimal(18, 2)), N'CNY', N'首付30%，硬件到货30%，软件上线30%，验收后10%', N'硬件部分30天到货，软件部分60天上线', N'硬件一年质保，软件三年维护', N'符合食品安全追溯体系要求', 2, 2, 1, NULL, NULL, NULL, NULL, NULL, NULL, CAST(N'2026-01-29T11:10:30.713' AS DateTime), N'等待客户提供详细的生产流程文档', CAST(N'2026-01-27T11:10:30.713' AS DateTime), 60, N'雷刚', 1, N'销售部', NULL, NULL, NULL, NULL, NULL)
GO
INSERT [dbo].[Quotation] ([QuotationId], [QuotationCode], [OpportunityId], [OpportunityCode], [CustomerId], [CustomerName], [QuotationDate], [ValidUntilDate], [TotalAmount], [TaxRate], [TaxAmount], [TotalAmountWithTax], [Currency], [PaymentTerms], [DeliveryTerms], [WarrantyTerms], [SpecialTerms], [QuotationStatus], [ApprovalStatus], [ApprovalFlowId], [ApprovalUserId], [ApprovalUserName], [ApprovalTime], [ApprovalComment], [CustomerFeedback], [CustomerConfirmTime], [NextFollowUpTime], [Remark], [CreateTime], [CreateUserId], [CreateUserName], [CreateOrganizationId], [CreateOrganizationName], [ModifyTime], [ModifyUserId], [ModifyUserName], [ModifyOrganizationId], [ModifyOrganizationName]) VALUES (5, N'QUO005', 8, N'OPP008', 8, N'时尚服饰有限公司', CAST(N'2026-01-24' AS Date), CAST(N'2026-02-23' AS Date), CAST(266000.00 AS Decimal(18, 2)), CAST(13.00 AS Decimal(5, 2)), CAST(34580.00 AS Decimal(18, 2)), CAST(300580.00 AS Decimal(18, 2)), N'CNY', N'首付40%，开发完成30%，上线后20%，验收后10%', N'合同签订后75个工作日内完成开发并上线', N'提供一年免费运维支持', N'包含营销活动模块定制开发', 1, 1, NULL, NULL, NULL, NULL, NULL, NULL, NULL, CAST(N'2026-02-01T11:10:30.713' AS DateTime), N'草稿阶段，需与客户确认最终需求', CAST(N'2026-01-27T11:10:30.713' AS DateTime), 60, N'雷刚', 1, N'销售部', NULL, NULL, NULL, NULL, NULL)
GO
INSERT [dbo].[Quotation] ([QuotationId], [QuotationCode], [OpportunityId], [OpportunityCode], [CustomerId], [CustomerName], [QuotationDate], [ValidUntilDate], [TotalAmount], [TaxRate], [TaxAmount], [TotalAmountWithTax], [Currency], [PaymentTerms], [DeliveryTerms], [WarrantyTerms], [SpecialTerms], [QuotationStatus], [ApprovalStatus], [ApprovalFlowId], [ApprovalUserId], [ApprovalUserName], [ApprovalTime], [ApprovalComment], [CustomerFeedback], [CustomerConfirmTime], [NextFollowUpTime], [Remark], [CreateTime], [CreateUserId], [CreateUserName], [CreateOrganizationId], [CreateOrganizationName], [ModifyTime], [ModifyUserId], [ModifyUserName], [ModifyOrganizationId], [ModifyOrganizationName]) VALUES (6, N'QUO006', 10, N'OPP010', 10, N'物流运输有限公司', CAST(N'2026-01-15' AS Date), CAST(N'2026-02-14' AS Date), CAST(361000.00 AS Decimal(18, 2)), CAST(13.00 AS Decimal(5, 2)), CAST(46930.00 AS Decimal(18, 2)), CAST(407930.00 AS Decimal(18, 2)), N'CNY', N'首付30%，分三期支付，每期30天间隔', N'合同签订后70个工作日内完成交付', N'提供18个月免费维护', N'支持与现有GPS设备对接', 3, 3, 1, 101, N'审批专员', CAST(N'2026-01-18T11:10:30.713' AS DateTime), N'方案符合客户需求，价格适中', N'客户要求增加部分定制功能', NULL, CAST(N'2026-01-31T11:10:30.713' AS DateTime), N'客户有50辆运输车需要接入系统', CAST(N'2026-01-27T11:10:30.713' AS DateTime), 60, N'雷刚', 1, N'销售部', NULL, NULL, NULL, NULL, NULL)
GO
INSERT [dbo].[Quotation] ([QuotationId], [QuotationCode], [OpportunityId], [OpportunityCode], [CustomerId], [CustomerName], [QuotationDate], [ValidUntilDate], [TotalAmount], [TaxRate], [TaxAmount], [TotalAmountWithTax], [Currency], [PaymentTerms], [DeliveryTerms], [WarrantyTerms], [SpecialTerms], [QuotationStatus], [ApprovalStatus], [ApprovalFlowId], [ApprovalUserId], [ApprovalUserName], [ApprovalTime], [ApprovalComment], [CustomerFeedback], [CustomerConfirmTime], [NextFollowUpTime], [Remark], [CreateTime], [CreateUserId], [CreateUserName], [CreateOrganizationId], [CreateOrganizationName], [ModifyTime], [ModifyUserId], [ModifyUserName], [ModifyOrganizationId], [ModifyOrganizationName]) VALUES (7, N'QUO007', 13, N'OPP013', 13, N'互联网科技有限公司', CAST(N'2026-01-19' AS Date), CAST(N'2026-02-18' AS Date), CAST(646000.00 AS Decimal(18, 2)), CAST(6.00 AS Decimal(5, 2)), CAST(38760.00 AS Decimal(18, 2)), CAST(684760.00 AS Decimal(18, 2)), N'CNY', N'按项目里程碑付款，共分五个阶段', N'项目周期120个工作日，分阶段交付', N'核心组件三年质保，软件永久授权', N'提供大数据分析模型定制开发', 2, 2, 1, NULL, NULL, NULL, NULL, NULL, NULL, CAST(N'2026-01-30T11:10:30.713' AS DateTime), N'技术方案复杂，需要技术专家评审', CAST(N'2026-01-27T11:10:30.713' AS DateTime), 61, N'钱琳', 1, N'销售部', NULL, NULL, NULL, NULL, NULL)
GO
INSERT [dbo].[Quotation] ([QuotationId], [QuotationCode], [OpportunityId], [OpportunityCode], [CustomerId], [CustomerName], [QuotationDate], [ValidUntilDate], [TotalAmount], [TaxRate], [TaxAmount], [TotalAmountWithTax], [Currency], [PaymentTerms], [DeliveryTerms], [WarrantyTerms], [SpecialTerms], [QuotationStatus], [ApprovalStatus], [ApprovalFlowId], [ApprovalUserId], [ApprovalUserName], [ApprovalTime], [ApprovalComment], [CustomerFeedback], [CustomerConfirmTime], [NextFollowUpTime], [Remark], [CreateTime], [CreateUserId], [CreateUserName], [CreateOrganizationId], [CreateOrganizationName], [ModifyTime], [ModifyUserId], [ModifyUserName], [ModifyOrganizationId], [ModifyOrganizationName]) VALUES (8, N'QUO008', 14, N'OPP014', 14, N'餐饮连锁有限公司', CAST(N'2026-01-21' AS Date), CAST(N'2026-02-20' AS Date), CAST(304000.00 AS Decimal(18, 2)), CAST(13.00 AS Decimal(5, 2)), CAST(39520.00 AS Decimal(18, 2)), CAST(343520.00 AS Decimal(18, 2)), N'CNY', N'按门店数量分期付款，首付30家门店费用', N'首批30家门店60天内上线，后续门店每月上线20家', N'软件终身维护，每年收取15%维护费', N'支持移动点餐和外卖平台对接', 4, 3, 1, 101, N'审批专员', CAST(N'2026-01-23T11:10:30.713' AS DateTime), N'符合连锁餐饮需求，价格合理', N'客户已确认，正在安排试点门店', CAST(N'2026-01-26T11:10:30.713' AS DateTime), CAST(N'2026-02-06T11:10:30.713' AS DateTime), N'客户有100+门店需要覆盖', CAST(N'2026-01-27T11:10:30.713' AS DateTime), 61, N'钱琳', 1, N'销售部', NULL, NULL, NULL, NULL, NULL)
GO
INSERT [dbo].[Quotation] ([QuotationId], [QuotationCode], [OpportunityId], [OpportunityCode], [CustomerId], [CustomerName], [QuotationDate], [ValidUntilDate], [TotalAmount], [TaxRate], [TaxAmount], [TotalAmountWithTax], [Currency], [PaymentTerms], [DeliveryTerms], [WarrantyTerms], [SpecialTerms], [QuotationStatus], [ApprovalStatus], [ApprovalFlowId], [ApprovalUserId], [ApprovalUserName], [ApprovalTime], [ApprovalComment], [CustomerFeedback], [CustomerConfirmTime], [NextFollowUpTime], [Remark], [CreateTime], [CreateUserId], [CreateUserName], [CreateOrganizationId], [CreateOrganizationName], [ModifyTime], [ModifyUserId], [ModifyUserName], [ModifyOrganizationId], [ModifyOrganizationName]) VALUES (9, N'QUO009', 15, N'OPP015', 15, N'环保科技有限公司', CAST(N'2026-01-17' AS Date), CAST(N'2026-02-16' AS Date), CAST(275500.00 AS Decimal(18, 2)), CAST(13.00 AS Decimal(5, 2)), CAST(35815.00 AS Decimal(18, 2)), CAST(311315.00 AS Decimal(18, 2)), N'CNY', N'首付40%，设备安装30%，验收后30%', N'合同签订后50个工作日内完成安装调试', N'设备两年质保，软件一年免费升级', N'符合环保部门数据上报要求', 3, 3, 1, 101, N'审批专员', CAST(N'2026-01-20T11:10:30.713' AS DateTime), N'方案完善，价格在预算范围内', N'客户需要向政府申请补贴', NULL, CAST(N'2026-02-03T11:10:30.713' AS DateTime), N'政府补贴项目，需要尽快推进', CAST(N'2026-01-27T11:10:30.713' AS DateTime), 61, N'钱琳', 1, N'销售部', NULL, NULL, NULL, NULL, NULL)
GO
INSERT [dbo].[Quotation] ([QuotationId], [QuotationCode], [OpportunityId], [OpportunityCode], [CustomerId], [CustomerName], [QuotationDate], [ValidUntilDate], [TotalAmount], [TaxRate], [TaxAmount], [TotalAmountWithTax], [Currency], [PaymentTerms], [DeliveryTerms], [WarrantyTerms], [SpecialTerms], [QuotationStatus], [ApprovalStatus], [ApprovalFlowId], [ApprovalUserId], [ApprovalUserName], [ApprovalTime], [ApprovalComment], [CustomerFeedback], [CustomerConfirmTime], [NextFollowUpTime], [Remark], [CreateTime], [CreateUserId], [CreateUserName], [CreateOrganizationId], [CreateOrganizationName], [ModifyTime], [ModifyUserId], [ModifyUserName], [ModifyOrganizationId], [ModifyOrganizationName]) VALUES (10, N'QUO010', 16, N'OPP016', 16, N'律师事务所', CAST(N'2026-01-23' AS Date), CAST(N'2026-02-22' AS Date), CAST(171000.00 AS Decimal(18, 2)), CAST(13.00 AS Decimal(5, 2)), CAST(22230.00 AS Decimal(18, 2)), CAST(193230.00 AS Decimal(18, 2)), N'CNY', N'一次性付清，签约后7个工作日内支付', N'合同签订后30个工作日内完成实施', N'提供三年免费维护', N'支持电子签章和在线公证对接', 5, 3, 1, 101, N'审批专员', CAST(N'2026-01-25T11:10:30.713' AS DateTime), N'价格合理，符合律所需求', N'客户认为价格过高，已选择其他供应商', NULL, NULL, N'客户最终选择了价格更低的竞争对手', CAST(N'2026-01-27T11:10:30.713' AS DateTime), 61, N'钱琳', 1, N'销售部', NULL, NULL, NULL, NULL, NULL)
GO
INSERT [dbo].[Quotation] ([QuotationId], [QuotationCode], [OpportunityId], [OpportunityCode], [CustomerId], [CustomerName], [QuotationDate], [ValidUntilDate], [TotalAmount], [TaxRate], [TaxAmount], [TotalAmountWithTax], [Currency], [PaymentTerms], [DeliveryTerms], [WarrantyTerms], [SpecialTerms], [QuotationStatus], [ApprovalStatus], [ApprovalFlowId], [ApprovalUserId], [ApprovalUserName], [ApprovalTime], [ApprovalComment], [CustomerFeedback], [CustomerConfirmTime], [NextFollowUpTime], [Remark], [CreateTime], [CreateUserId], [CreateUserName], [CreateOrganizationId], [CreateOrganizationName], [ModifyTime], [ModifyUserId], [ModifyUserName], [ModifyOrganizationId], [ModifyOrganizationName]) VALUES (11, N'QUO011', 17, N'OPP017', 17, N'房地产开发公司', CAST(N'2026-01-18' AS Date), CAST(N'2026-02-17' AS Date), CAST(427500.00 AS Decimal(18, 2)), CAST(13.00 AS Decimal(5, 2)), CAST(55575.00 AS Decimal(18, 2)), CAST(483075.00 AS Decimal(18, 2)), N'CNY', N'首付30%，系统上线40%，验收后30%', N'合同签订后65个工作日内上线', N'提供一年免费维护和培训', N'支持移动售楼和VR看房功能', 4, 3, 1, 101, N'审批专员', CAST(N'2026-01-21T11:10:30.713' AS DateTime), N'方案贴合房地产销售场景', N'客户已确认，等待新楼盘开盘', CAST(N'2026-01-25T11:10:30.713' AS DateTime), CAST(N'2026-02-11T11:10:30.713' AS DateTime), N'客户有三个新楼盘即将开盘', CAST(N'2026-01-27T11:10:30.713' AS DateTime), 61, N'钱琳', 1, N'销售部', NULL, NULL, NULL, NULL, NULL)
GO
INSERT [dbo].[Quotation] ([QuotationId], [QuotationCode], [OpportunityId], [OpportunityCode], [CustomerId], [CustomerName], [QuotationDate], [ValidUntilDate], [TotalAmount], [TaxRate], [TaxAmount], [TotalAmountWithTax], [Currency], [PaymentTerms], [DeliveryTerms], [WarrantyTerms], [SpecialTerms], [QuotationStatus], [ApprovalStatus], [ApprovalFlowId], [ApprovalUserId], [ApprovalUserName], [ApprovalTime], [ApprovalComment], [CustomerFeedback], [CustomerConfirmTime], [NextFollowUpTime], [Remark], [CreateTime], [CreateUserId], [CreateUserName], [CreateOrganizationId], [CreateOrganizationName], [ModifyTime], [ModifyUserId], [ModifyUserName], [ModifyOrganizationId], [ModifyOrganizationName]) VALUES (12, N'QUO012', 19, N'OPP019', 19, N'化工有限公司', CAST(N'2026-01-20' AS Date), CAST(N'2026-02-19' AS Date), CAST(361000.00 AS Decimal(18, 2)), CAST(13.00 AS Decimal(5, 2)), CAST(46930.00 AS Decimal(18, 2)), CAST(407930.00 AS Decimal(18, 2)), N'CNY', N'首付50%，验收后50%', N'合同签订后45个工作日内完成部署', N'提供两年免费维护', N'符合国家安全生产监管要求', 2, 2, 1, NULL, NULL, NULL, NULL, NULL, NULL, CAST(N'2026-01-31T11:10:30.713' AS DateTime), N'需要与客户的DCS系统进行对接', CAST(N'2026-01-27T11:10:30.713' AS DateTime), 61, N'钱琳', 1, N'销售部', NULL, NULL, NULL, NULL, NULL)
GO
INSERT [dbo].[Quotation] ([QuotationId], [QuotationCode], [OpportunityId], [OpportunityCode], [CustomerId], [CustomerName], [QuotationDate], [ValidUntilDate], [TotalAmount], [TaxRate], [TaxAmount], [TotalAmountWithTax], [Currency], [PaymentTerms], [DeliveryTerms], [WarrantyTerms], [SpecialTerms], [QuotationStatus], [ApprovalStatus], [ApprovalFlowId], [ApprovalUserId], [ApprovalUserName], [ApprovalTime], [ApprovalComment], [CustomerFeedback], [CustomerConfirmTime], [NextFollowUpTime], [Remark], [CreateTime], [CreateUserId], [CreateUserName], [CreateOrganizationId], [CreateOrganizationName], [ModifyTime], [ModifyUserId], [ModifyUserName], [ModifyOrganizationId], [ModifyOrganizationName]) VALUES (13, N'QUO013', 20, N'OPP020', 20, N'建筑工程公司', CAST(N'2026-01-22' AS Date), CAST(N'2026-02-21' AS Date), CAST(456000.00 AS Decimal(18, 2)), CAST(13.00 AS Decimal(5, 2)), CAST(59280.00 AS Decimal(18, 2)), CAST(515280.00 AS Decimal(18, 2)), N'CNY', N'按项目进度付款，分四期支付', N'合同签订后80个工作日内完成实施', N'提供一年免费维护，终身技术支持', N'支持移动端项目进度上报', 3, 3, 1, 101, N'审批专员', CAST(N'2026-01-24T11:10:30.713' AS DateTime), N'功能全面，符合工程管理需求', N'客户需要定制部分报表功能', NULL, CAST(N'2026-02-01T11:10:30.713' AS DateTime), N'客户目前有多个大型在建项目', CAST(N'2026-01-27T11:10:30.713' AS DateTime), 61, N'钱琳', 1, N'销售部', NULL, NULL, NULL, NULL, NULL)
GO
INSERT [dbo].[Quotation] ([QuotationId], [QuotationCode], [OpportunityId], [OpportunityCode], [CustomerId], [CustomerName], [QuotationDate], [ValidUntilDate], [TotalAmount], [TaxRate], [TaxAmount], [TotalAmountWithTax], [Currency], [PaymentTerms], [DeliveryTerms], [WarrantyTerms], [SpecialTerms], [QuotationStatus], [ApprovalStatus], [ApprovalFlowId], [ApprovalUserId], [ApprovalUserName], [ApprovalTime], [ApprovalComment], [CustomerFeedback], [CustomerConfirmTime], [NextFollowUpTime], [Remark], [CreateTime], [CreateUserId], [CreateUserName], [CreateOrganizationId], [CreateOrganizationName], [ModifyTime], [ModifyUserId], [ModifyUserName], [ModifyOrganizationId], [ModifyOrganizationName]) VALUES (14, N'QUO014', 22, N'OPP022', 22, N'零售连锁公司', CAST(N'2026-01-17' AS Date), CAST(N'2026-02-16' AS Date), CAST(332500.00 AS Decimal(18, 2)), CAST(13.00 AS Decimal(5, 2)), CAST(43225.00 AS Decimal(18, 2)), CAST(375725.00 AS Decimal(18, 2)), N'CNY', N'按门店升级进度付款，每完成10家门店支付一次', N'每月可完成15-20家门店升级', N'硬件一年质保，软件三年维护', N'支持线上线下库存同步', 4, 3, 1, 101, N'审批专员', CAST(N'2026-01-20T11:10:30.713' AS DateTime), N'批量采购有价格优势', N'客户已确认，准备开始试点升级', CAST(N'2026-01-24T11:10:30.713' AS DateTime), CAST(N'2026-02-04T11:10:30.713' AS DateTime), N'客户有50+门店需要升级，首批试点5家', CAST(N'2026-01-27T11:10:30.713' AS DateTime), 62, N'黎伟', 1, N'销售部', NULL, NULL, NULL, NULL, NULL)
GO
INSERT [dbo].[Quotation] ([QuotationId], [QuotationCode], [OpportunityId], [OpportunityCode], [CustomerId], [CustomerName], [QuotationDate], [ValidUntilDate], [TotalAmount], [TaxRate], [TaxAmount], [TotalAmountWithTax], [Currency], [PaymentTerms], [DeliveryTerms], [WarrantyTerms], [SpecialTerms], [QuotationStatus], [ApprovalStatus], [ApprovalFlowId], [ApprovalUserId], [ApprovalUserName], [ApprovalTime], [ApprovalComment], [CustomerFeedback], [CustomerConfirmTime], [NextFollowUpTime], [Remark], [CreateTime], [CreateUserId], [CreateUserName], [CreateOrganizationId], [CreateOrganizationName], [ModifyTime], [ModifyUserId], [ModifyUserName], [ModifyOrganizationId], [ModifyOrganizationName]) VALUES (15, N'QUO015', 23, N'OPP023', 23, N'农业科技公司', CAST(N'2026-01-19' AS Date), CAST(N'2026-02-18' AS Date), CAST(389500.00 AS Decimal(18, 2)), CAST(6.00 AS Decimal(5, 2)), CAST(23370.00 AS Decimal(18, 2)), CAST(412870.00 AS Decimal(18, 2)), N'CNY', N'首付30%，设备安装40%，验收后30%', N'合同签订后70个工作日内完成部署', N'物联网设备两年质保，平台一年免费维护', N'支持多种传感器和控制器接入', 3, 3, 1, 101, N'审批专员', CAST(N'2026-01-22T11:10:30.713' AS DateTime), N'技术方案先进，符合智慧农业趋势', N'客户在等待政府补贴批复', NULL, CAST(N'2026-02-06T11:10:30.713' AS DateTime), N'农业项目，税率适用6%', CAST(N'2026-01-27T11:10:30.713' AS DateTime), 62, N'黎伟', 1, N'销售部', NULL, NULL, NULL, NULL, NULL)
GO
INSERT [dbo].[Quotation] ([QuotationId], [QuotationCode], [OpportunityId], [OpportunityCode], [CustomerId], [CustomerName], [QuotationDate], [ValidUntilDate], [TotalAmount], [TaxRate], [TaxAmount], [TotalAmountWithTax], [Currency], [PaymentTerms], [DeliveryTerms], [WarrantyTerms], [SpecialTerms], [QuotationStatus], [ApprovalStatus], [ApprovalFlowId], [ApprovalUserId], [ApprovalUserName], [ApprovalTime], [ApprovalComment], [CustomerFeedback], [CustomerConfirmTime], [NextFollowUpTime], [Remark], [CreateTime], [CreateUserId], [CreateUserName], [CreateOrganizationId], [CreateOrganizationName], [ModifyTime], [ModifyUserId], [ModifyUserName], [ModifyOrganizationId], [ModifyOrganizationName]) VALUES (16, N'QUO016', 24, N'OPP024', 24, N'教育培训机构', CAST(N'2026-01-21' AS Date), CAST(N'2026-02-20' AS Date), CAST(256500.00 AS Decimal(18, 2)), CAST(6.00 AS Decimal(5, 2)), CAST(15390.00 AS Decimal(18, 2)), CAST(271890.00 AS Decimal(18, 2)), N'CNY', N'首付40%，开发完成30%，上线后30%', N'合同签订后50个工作日内上线', N'提供一年免费维护和两次功能升级', N'支持直播、录播、在线测试等功能', 4, 3, 1, 101, N'审批专员', CAST(N'2026-01-24T11:10:30.713' AS DateTime), N'功能完善，符合在线教育需求', N'客户已确认，等待签约', CAST(N'2026-01-26T11:10:30.713' AS DateTime), CAST(N'2026-02-03T11:10:30.713' AS DateTime), N'教育行业，税率适用6%', CAST(N'2026-01-27T11:10:30.713' AS DateTime), 62, N'黎伟', 1, N'销售部', NULL, NULL, NULL, NULL, NULL)
GO
INSERT [dbo].[Quotation] ([QuotationId], [QuotationCode], [OpportunityId], [OpportunityCode], [CustomerId], [CustomerName], [QuotationDate], [ValidUntilDate], [TotalAmount], [TaxRate], [TaxAmount], [TotalAmountWithTax], [Currency], [PaymentTerms], [DeliveryTerms], [WarrantyTerms], [SpecialTerms], [QuotationStatus], [ApprovalStatus], [ApprovalFlowId], [ApprovalUserId], [ApprovalUserName], [ApprovalTime], [ApprovalComment], [CustomerFeedback], [CustomerConfirmTime], [NextFollowUpTime], [Remark], [CreateTime], [CreateUserId], [CreateUserName], [CreateOrganizationId], [CreateOrganizationName], [ModifyTime], [ModifyUserId], [ModifyUserName], [ModifyOrganizationId], [ModifyOrganizationName]) VALUES (17, N'QUO017', 26, N'OPP026', 26, N'咨询管理公司', CAST(N'2026-01-23' AS Date), CAST(N'2026-02-22' AS Date), CAST(209000.00 AS Decimal(18, 2)), CAST(13.00 AS Decimal(5, 2)), CAST(27170.00 AS Decimal(18, 2)), CAST(236170.00 AS Decimal(18, 2)), N'CNY', N'一次性付清，签约后10个工作日内支付', N'合同签订后35个工作日内完成实施', N'提供两年免费维护', N'支持知识分类、检索和分享功能', 4, 3, 1, 101, N'审批专员', CAST(N'2026-01-25T11:10:30.713' AS DateTime), N'方案简单实用，价格适中', N'客户已确认，准备内部培训', CAST(N'2026-01-26T11:10:30.713' AS DateTime), CAST(N'2026-02-01T11:10:30.713' AS DateTime), N'客户知识管理需求明确', CAST(N'2026-01-27T11:10:30.713' AS DateTime), 62, N'黎伟', 1, N'销售部', NULL, NULL, NULL, NULL, NULL)
GO
INSERT [dbo].[Quotation] ([QuotationId], [QuotationCode], [OpportunityId], [OpportunityCode], [CustomerId], [CustomerName], [QuotationDate], [ValidUntilDate], [TotalAmount], [TaxRate], [TaxAmount], [TotalAmountWithTax], [Currency], [PaymentTerms], [DeliveryTerms], [WarrantyTerms], [SpecialTerms], [QuotationStatus], [ApprovalStatus], [ApprovalFlowId], [ApprovalUserId], [ApprovalUserName], [ApprovalTime], [ApprovalComment], [CustomerFeedback], [CustomerConfirmTime], [NextFollowUpTime], [Remark], [CreateTime], [CreateUserId], [CreateUserName], [CreateOrganizationId], [CreateOrganizationName], [ModifyTime], [ModifyUserId], [ModifyUserName], [ModifyOrganizationId], [ModifyOrganizationName]) VALUES (18, N'QUO018', 27, N'OPP027', 27, N'保险服务有限公司', CAST(N'2026-01-18' AS Date), CAST(N'2026-02-17' AS Date), CAST(551000.00 AS Decimal(18, 2)), CAST(6.00 AS Decimal(5, 2)), CAST(33060.00 AS Decimal(18, 2)), CAST(584060.00 AS Decimal(18, 2)), N'CNY', N'首付30%，分三期，每期间隔45天', N'合同签订后95个工作日内完成升级', N'核心模块三年维护', N'支持与保险公司核心系统对接', 2, 2, 1, NULL, NULL, NULL, NULL, NULL, NULL, CAST(N'2026-01-31T11:10:30.713' AS DateTime), N'金融行业核心系统，需要详细评估', CAST(N'2026-01-27T11:10:30.713' AS DateTime), 62, N'黎伟', 1, N'销售部', NULL, NULL, NULL, NULL, NULL)
GO
INSERT [dbo].[Quotation] ([QuotationId], [QuotationCode], [OpportunityId], [OpportunityCode], [CustomerId], [CustomerName], [QuotationDate], [ValidUntilDate], [TotalAmount], [TaxRate], [TaxAmount], [TotalAmountWithTax], [Currency], [PaymentTerms], [DeliveryTerms], [WarrantyTerms], [SpecialTerms], [QuotationStatus], [ApprovalStatus], [ApprovalFlowId], [ApprovalUserId], [ApprovalUserName], [ApprovalTime], [ApprovalComment], [CustomerFeedback], [CustomerConfirmTime], [NextFollowUpTime], [Remark], [CreateTime], [CreateUserId], [CreateUserName], [CreateOrganizationId], [CreateOrganizationName], [ModifyTime], [ModifyUserId], [ModifyUserName], [ModifyOrganizationId], [ModifyOrganizationName]) VALUES (19, N'QUO019', 29, N'OPP029', 29, N'汽车配件有限公司', CAST(N'2026-01-20' AS Date), CAST(N'2026-02-19' AS Date), CAST(313500.00 AS Decimal(18, 2)), CAST(13.00 AS Decimal(5, 2)), CAST(40755.00 AS Decimal(18, 2)), CAST(354255.00 AS Decimal(18, 2)), N'CNY', N'首付40%，实施完成30%，验收后30%', N'合同签订后65个工作日内完成实施', N'提供一年免费维护', N'支持与主机厂系统对接', 3, 3, 1, 101, N'审批专员', CAST(N'2026-01-23T11:10:30.713' AS DateTime), N'供应链方案专业，价格合理', N'客户需要增加供应商管理模块', NULL, CAST(N'2026-02-02T11:10:30.713' AS DateTime), N'客户为多家汽车主机厂供应配件', CAST(N'2026-01-27T11:10:30.713' AS DateTime), 62, N'黎伟', 1, N'销售部', NULL, NULL, NULL, NULL, NULL)
GO
INSERT [dbo].[Quotation] ([QuotationId], [QuotationCode], [OpportunityId], [OpportunityCode], [CustomerId], [CustomerName], [QuotationDate], [ValidUntilDate], [TotalAmount], [TaxRate], [TaxAmount], [TotalAmountWithTax], [Currency], [PaymentTerms], [DeliveryTerms], [WarrantyTerms], [SpecialTerms], [QuotationStatus], [ApprovalStatus], [ApprovalFlowId], [ApprovalUserId], [ApprovalUserName], [ApprovalTime], [ApprovalComment], [CustomerFeedback], [CustomerConfirmTime], [NextFollowUpTime], [Remark], [CreateTime], [CreateUserId], [CreateUserName], [CreateOrganizationId], [CreateOrganizationName], [ModifyTime], [ModifyUserId], [ModifyUserName], [ModifyOrganizationId], [ModifyOrganizationName]) VALUES (20, N'QUO020', 30, N'OPP030', 30, N'印刷包装公司', CAST(N'2026-01-22' AS Date), CAST(N'2026-02-21' AS Date), CAST(247000.00 AS Decimal(18, 2)), CAST(13.00 AS Decimal(5, 2)), CAST(32110.00 AS Decimal(18, 2)), CAST(279110.00 AS Decimal(18, 2)), N'CNY', N'首付50%，验收后50%', N'合同签订后55个工作日内完成实施', N'提供18个月免费维护', N'支持与印刷设备数据采集', 4, 3, 1, 101, N'审批专员', CAST(N'2026-01-25T11:10:30.713' AS DateTime), N'方案针对性强，价格有竞争力', N'客户已确认，等待生产淡季实施', CAST(N'2026-01-26T11:10:30.713' AS DateTime), CAST(N'2026-02-11T11:10:30.713' AS DateTime), N'客户希望在生产淡季进行系统实施', CAST(N'2026-01-27T11:10:30.713' AS DateTime), 62, N'黎伟', 1, N'销售部', NULL, NULL, NULL, NULL, NULL)
GO
SET IDENTITY_INSERT [dbo].[Quotation] OFF
GO
SET IDENTITY_INSERT [dbo].[Bid] ON 
GO
INSERT [dbo].[Bid] ([BidId], [BidCode], [OpportunityId], [OpportunityCode], [CustomerId], [CustomerName], [BidProjectName], [BidProjectCode], [TenderOrganization], [TenderAddress], [BidOpeningDate], [BidSubmissionDeadline], [BidBondAmount], [BidBondPaid], [BidBondPaidTime], [PerformanceBondRequired], [PerformanceBondRate], [TechnicalScore], [CommercialScore], [TotalScore], [Ranking], [Competitors], [OurAdvantages], [OurDisadvantages], [BidStatus], [ApprovalStatus], [ApprovalFlowId], [ApprovalUserId], [ApprovalUserName], [ApprovalTime], [ApprovalComment], [WinNoticeTime], [WinNoticeNumber], [BidDocumentPath], [OtherAttachments], [Remark], [CreateTime], [CreateUserId], [CreateUserName], [CreateOrganizationId], [CreateOrganizationName], [ModifyTime], [ModifyUserId], [ModifyUserName], [ModifyOrganizationId], [ModifyOrganizationName]) VALUES (1, N'BID001', 1, N'OPP001', 1, N'腾飞科技有限公司', N'腾飞科技数字化转型项目', N'ZB20240001', N'腾飞科技有限公司', N'北京市海淀区中关村大街1号', CAST(N'2026-04-17T11:10:25.623' AS DateTime), CAST(N'2026-04-10T11:10:25.623' AS DateTime), CAST(5000.00 AS Decimal(18, 2)), 1, NULL, 1, CAST(5.00 AS Decimal(5, 2)), CAST(85.50 AS Decimal(5, 2)), CAST(90.00 AS Decimal(5, 2)), CAST(87.75 AS Decimal(5, 2)), 1, N'用友软件、金蝶软件、浪潮软件', N'技术方案全面，行业经验丰富', N'价格相对较高', 3, 3, 1, 101, N'审批专员', CAST(N'2026-01-22T11:10:25.623' AS DateTime), N'技术方案优秀，商务条件符合要求', CAST(N'2026-04-22T11:10:25.623' AS DateTime), N'ZN20240001', N'/bid-documents/2024/001/technical.pdf', N'/bid-documents/2024/001/commercial.pdf', N'重点关注项目，需确保中标后顺利实施', CAST(N'2026-01-27T11:10:25.623' AS DateTime), 60, N'雷刚', 1, N'销售部', NULL, NULL, NULL, NULL, NULL)
GO
INSERT [dbo].[Bid] ([BidId], [BidCode], [OpportunityId], [OpportunityCode], [CustomerId], [CustomerName], [BidProjectName], [BidProjectCode], [TenderOrganization], [TenderAddress], [BidOpeningDate], [BidSubmissionDeadline], [BidBondAmount], [BidBondPaid], [BidBondPaidTime], [PerformanceBondRequired], [PerformanceBondRate], [TechnicalScore], [CommercialScore], [TotalScore], [Ranking], [Competitors], [OurAdvantages], [OurDisadvantages], [BidStatus], [ApprovalStatus], [ApprovalFlowId], [ApprovalUserId], [ApprovalUserName], [ApprovalTime], [ApprovalComment], [WinNoticeTime], [WinNoticeNumber], [BidDocumentPath], [OtherAttachments], [Remark], [CreateTime], [CreateUserId], [CreateUserName], [CreateOrganizationId], [CreateOrganizationName], [ModifyTime], [ModifyUserId], [ModifyUserName], [ModifyOrganizationId], [ModifyOrganizationName]) VALUES (2, N'BID002', 3, N'OPP003', 3, N'智慧教育集团', N'智慧教育集团智慧校园建设项目', N'ZB20240002', N'智慧教育集团', N'上海市浦东新区张江高科技园区', CAST(N'2026-05-17T11:10:25.623' AS DateTime), CAST(N'2026-05-10T11:10:25.623' AS DateTime), CAST(8000.00 AS Decimal(18, 2)), 1, NULL, 1, CAST(5.00 AS Decimal(5, 2)), CAST(82.00 AS Decimal(5, 2)), CAST(88.50 AS Decimal(5, 2)), CAST(85.25 AS Decimal(5, 2)), 2, N'华为技术有限公司、腾讯云计算、阿里云', N'本地化服务能力强，实施经验丰富', N'品牌知名度相对较低', 3, 3, 1, 101, N'审批专员', CAST(N'2026-01-24T11:10:25.623' AS DateTime), N'方案可行，价格有竞争力', CAST(N'2026-05-22T11:10:25.623' AS DateTime), N'ZN20240002', N'/bid-documents/2024/002/technical.pdf', N'/bid-documents/2024/002/commercial.pdf', N'竞争激烈，需加强客户关系维护', CAST(N'2026-01-27T11:10:25.623' AS DateTime), 60, N'雷刚', 1, N'销售部', NULL, NULL, NULL, NULL, NULL)
GO
INSERT [dbo].[Bid] ([BidId], [BidCode], [OpportunityId], [OpportunityCode], [CustomerId], [CustomerName], [BidProjectName], [BidProjectCode], [TenderOrganization], [TenderAddress], [BidOpeningDate], [BidSubmissionDeadline], [BidBondAmount], [BidBondPaid], [BidBondPaidTime], [PerformanceBondRequired], [PerformanceBondRate], [TechnicalScore], [CommercialScore], [TotalScore], [Ranking], [Competitors], [OurAdvantages], [OurDisadvantages], [BidStatus], [ApprovalStatus], [ApprovalFlowId], [ApprovalUserId], [ApprovalUserName], [ApprovalTime], [ApprovalComment], [WinNoticeTime], [WinNoticeNumber], [BidDocumentPath], [OtherAttachments], [Remark], [CreateTime], [CreateUserId], [CreateUserName], [CreateOrganizationId], [CreateOrganizationName], [ModifyTime], [ModifyUserId], [ModifyUserName], [ModifyOrganizationId], [ModifyOrganizationName]) VALUES (3, N'BID003', 6, N'OPP006', 6, N'健康医疗有限公司', N'健康医疗有限公司信息化建设项目', N'ZB20240003', N'健康医疗有限公司', N'广州市天河区珠江新城', CAST(N'2026-04-27T11:10:25.623' AS DateTime), CAST(N'2026-04-20T11:10:25.623' AS DateTime), CAST(6000.00 AS Decimal(18, 2)), 1, NULL, 1, CAST(5.00 AS Decimal(5, 2)), CAST(88.00 AS Decimal(5, 2)), CAST(85.50 AS Decimal(5, 2)), CAST(86.75 AS Decimal(5, 2)), 1, N'卫宁健康、东软集团、创业慧康', N'医疗行业专业性强，符合医院实际需求', N'项目周期相对较长', 3, 3, 1, 101, N'审批专员', CAST(N'2026-01-25T11:10:25.623' AS DateTime), N'医疗行业经验丰富，方案针对性强', CAST(N'2026-05-02T11:10:25.623' AS DateTime), N'ZN20240003', N'/bid-documents/2024/003/technical.pdf', N'/bid-documents/2024/003/commercial.pdf', N'医疗行业重点项目，需确保合规性', CAST(N'2026-01-27T11:10:25.623' AS DateTime), 60, N'雷刚', 1, N'销售部', NULL, NULL, NULL, NULL, NULL)
GO
INSERT [dbo].[Bid] ([BidId], [BidCode], [OpportunityId], [OpportunityCode], [CustomerId], [CustomerName], [BidProjectName], [BidProjectCode], [TenderOrganization], [TenderAddress], [BidOpeningDate], [BidSubmissionDeadline], [BidBondAmount], [BidBondPaid], [BidBondPaidTime], [PerformanceBondRequired], [PerformanceBondRate], [TechnicalScore], [CommercialScore], [TotalScore], [Ranking], [Competitors], [OurAdvantages], [OurDisadvantages], [BidStatus], [ApprovalStatus], [ApprovalFlowId], [ApprovalUserId], [ApprovalUserName], [ApprovalTime], [ApprovalComment], [WinNoticeTime], [WinNoticeNumber], [BidDocumentPath], [OtherAttachments], [Remark], [CreateTime], [CreateUserId], [CreateUserName], [CreateOrganizationId], [CreateOrganizationName], [ModifyTime], [ModifyUserId], [ModifyUserName], [ModifyOrganizationId], [ModifyOrganizationName]) VALUES (4, N'BID004', 9, N'OPP009', 9, N'智能家居有限公司', N'智能家居物联网云平台项目', N'ZB20240004', N'智能家居有限公司', N'深圳市南山区科技园', CAST(N'2026-04-07T11:10:25.623' AS DateTime), CAST(N'2026-03-31T11:10:25.623' AS DateTime), CAST(4200.00 AS Decimal(18, 2)), 1, NULL, 1, CAST(5.00 AS Decimal(5, 2)), CAST(79.50 AS Decimal(5, 2)), CAST(82.00 AS Decimal(5, 2)), CAST(80.75 AS Decimal(5, 2)), 3, N'阿里云、腾讯云、华为云、AWS', N'定制化能力强，接口开放性好', N'云平台规模相对较小', 3, 3, 1, 101, N'审批专员', CAST(N'2026-01-23T11:10:25.623' AS DateTime), N'技术方案可行，但需要加强稳定性', CAST(N'2026-04-12T11:10:25.623' AS DateTime), N'ZN20240004', N'/bid-documents/2024/004/technical.pdf', N'/bid-documents/2024/004/commercial.pdf', N'物联网项目，需确保数据安全和系统稳定性', CAST(N'2026-01-27T11:10:25.623' AS DateTime), 60, N'雷刚', 1, N'销售部', NULL, NULL, NULL, NULL, NULL)
GO
INSERT [dbo].[Bid] ([BidId], [BidCode], [OpportunityId], [OpportunityCode], [CustomerId], [CustomerName], [BidProjectName], [BidProjectCode], [TenderOrganization], [TenderAddress], [BidOpeningDate], [BidSubmissionDeadline], [BidBondAmount], [BidBondPaid], [BidBondPaidTime], [PerformanceBondRequired], [PerformanceBondRate], [TechnicalScore], [CommercialScore], [TotalScore], [Ranking], [Competitors], [OurAdvantages], [OurDisadvantages], [BidStatus], [ApprovalStatus], [ApprovalFlowId], [ApprovalUserId], [ApprovalUserName], [ApprovalTime], [ApprovalComment], [WinNoticeTime], [WinNoticeNumber], [BidDocumentPath], [OtherAttachments], [Remark], [CreateTime], [CreateUserId], [CreateUserName], [CreateOrganizationId], [CreateOrganizationName], [ModifyTime], [ModifyUserId], [ModifyUserName], [ModifyOrganizationId], [ModifyOrganizationName]) VALUES (5, N'BID005', 11, N'OPP011', 11, N'建筑设计院', N'建筑设计院BIM协同设计平台项目', N'ZB20240005', N'建筑设计院', N'南京市建邺区江东中路', CAST(N'2026-04-22T11:10:25.623' AS DateTime), CAST(N'2026-04-15T11:10:25.623' AS DateTime), CAST(5500.00 AS Decimal(18, 2)), 1, NULL, 1, CAST(5.00 AS Decimal(5, 2)), CAST(86.00 AS Decimal(5, 2)), CAST(83.50 AS Decimal(5, 2)), CAST(84.75 AS Decimal(5, 2)), 2, N'Autodesk、广联达、鲁班软件', N'本地化服务好，培训支持完善', N'产品成熟度相对较低', 3, 3, 1, 101, N'审批专员', CAST(N'2026-01-21T11:10:25.623' AS DateTime), N'BIM实施经验丰富，客户认可度高', CAST(N'2026-04-27T11:10:25.623' AS DateTime), N'ZN20240005', N'/bid-documents/2024/005/technical.pdf', N'/bid-documents/2024/005/commercial.pdf', N'设计院项目，需注重设计流程整合', CAST(N'2026-01-27T11:10:25.623' AS DateTime), 61, N'钱琳', 1, N'销售部', NULL, NULL, NULL, NULL, NULL)
GO
INSERT [dbo].[Bid] ([BidId], [BidCode], [OpportunityId], [OpportunityCode], [CustomerId], [CustomerName], [BidProjectName], [BidProjectCode], [TenderOrganization], [TenderAddress], [BidOpeningDate], [BidSubmissionDeadline], [BidBondAmount], [BidBondPaid], [BidBondPaidTime], [PerformanceBondRequired], [PerformanceBondRate], [TechnicalScore], [CommercialScore], [TotalScore], [Ranking], [Competitors], [OurAdvantages], [OurDisadvantages], [BidStatus], [ApprovalStatus], [ApprovalFlowId], [ApprovalUserId], [ApprovalUserName], [ApprovalTime], [ApprovalComment], [WinNoticeTime], [WinNoticeNumber], [BidDocumentPath], [OtherAttachments], [Remark], [CreateTime], [CreateUserId], [CreateUserName], [CreateOrganizationId], [CreateOrganizationName], [ModifyTime], [ModifyUserId], [ModifyUserName], [ModifyOrganizationId], [ModifyOrganizationName]) VALUES (6, N'BID006', 12, N'OPP012', 12, N'金融服务有限公司', N'金融服务有限公司风控系统升级项目', N'ZB20240006', N'金融服务有限公司', N'杭州市西湖区文三路', CAST(N'2026-05-07T11:10:25.623' AS DateTime), CAST(N'2026-04-30T11:10:25.623' AS DateTime), CAST(7500.00 AS Decimal(18, 2)), 1, NULL, 1, CAST(5.00 AS Decimal(5, 2)), CAST(83.50 AS Decimal(5, 2)), CAST(87.00 AS Decimal(5, 2)), CAST(85.25 AS Decimal(5, 2)), 2, N'恒生电子、金证股份、顶点软件', N'风控模型先进，符合最新监管要求', N'实施周期较长', 3, 3, 1, 101, N'审批专员', CAST(N'2026-01-24T11:10:25.623' AS DateTime), N'风控方案专业，符合金融监管要求', CAST(N'2026-05-12T11:10:25.623' AS DateTime), N'ZN20240006', N'/bid-documents/2024/006/technical.pdf', N'/bid-documents/2024/006/commercial.pdf', N'金融核心系统，安全性和稳定性要求极高', CAST(N'2026-01-27T11:10:25.623' AS DateTime), 61, N'钱琳', 1, N'销售部', NULL, NULL, NULL, NULL, NULL)
GO
INSERT [dbo].[Bid] ([BidId], [BidCode], [OpportunityId], [OpportunityCode], [CustomerId], [CustomerName], [BidProjectName], [BidProjectCode], [TenderOrganization], [TenderAddress], [BidOpeningDate], [BidSubmissionDeadline], [BidBondAmount], [BidBondPaid], [BidBondPaidTime], [PerformanceBondRequired], [PerformanceBondRate], [TechnicalScore], [CommercialScore], [TotalScore], [Ranking], [Competitors], [OurAdvantages], [OurDisadvantages], [BidStatus], [ApprovalStatus], [ApprovalFlowId], [ApprovalUserId], [ApprovalUserName], [ApprovalTime], [ApprovalComment], [WinNoticeTime], [WinNoticeNumber], [BidDocumentPath], [OtherAttachments], [Remark], [CreateTime], [CreateUserId], [CreateUserName], [CreateOrganizationId], [CreateOrganizationName], [ModifyTime], [ModifyUserId], [ModifyUserName], [ModifyOrganizationId], [ModifyOrganizationName]) VALUES (7, N'BID007', 18, N'OPP018', 18, N'电子制造有限公司', N'电子制造有限公司MES系统项目', N'ZB20240007', N'电子制造有限公司', N'苏州市工业园区星湖街', CAST(N'2026-04-17T11:10:25.623' AS DateTime), CAST(N'2026-04-10T11:10:25.623' AS DateTime), CAST(5200.00 AS Decimal(18, 2)), 1, NULL, 1, CAST(5.00 AS Decimal(5, 2)), CAST(84.00 AS Decimal(5, 2)), CAST(86.50 AS Decimal(5, 2)), CAST(85.25 AS Decimal(5, 2)), 2, N'西门子、罗克韦尔、GE数字集团', N'行业经验丰富，实施团队专业', N'价格相对较高', 3, 3, 1, 101, N'审批专员', CAST(N'2026-01-22T11:10:25.623' AS DateTime), N'MES实施经验丰富，方案贴近生产实际', CAST(N'2026-04-22T11:10:25.623' AS DateTime), N'ZN20240007', N'/bid-documents/2024/007/technical.pdf', N'/bid-documents/2024/007/commercial.pdf', N'智能制造重点项目，需确保与现有设备兼容', CAST(N'2026-01-27T11:10:25.623' AS DateTime), 61, N'钱琳', 1, N'销售部', NULL, NULL, NULL, NULL, NULL)
GO
INSERT [dbo].[Bid] ([BidId], [BidCode], [OpportunityId], [OpportunityCode], [CustomerId], [CustomerName], [BidProjectName], [BidProjectCode], [TenderOrganization], [TenderAddress], [BidOpeningDate], [BidSubmissionDeadline], [BidBondAmount], [BidBondPaid], [BidBondPaidTime], [PerformanceBondRequired], [PerformanceBondRate], [TechnicalScore], [CommercialScore], [TotalScore], [Ranking], [Competitors], [OurAdvantages], [OurDisadvantages], [BidStatus], [ApprovalStatus], [ApprovalFlowId], [ApprovalUserId], [ApprovalUserName], [ApprovalTime], [ApprovalComment], [WinNoticeTime], [WinNoticeNumber], [BidDocumentPath], [OtherAttachments], [Remark], [CreateTime], [CreateUserId], [CreateUserName], [CreateOrganizationId], [CreateOrganizationName], [ModifyTime], [ModifyUserId], [ModifyUserName], [ModifyOrganizationId], [ModifyOrganizationName]) VALUES (8, N'BID008', 21, N'OPP021', 21, N'生物科技公司', N'生物科技公司研发管理系统项目', N'ZB20240008', N'生物科技公司', N'武汉东湖新技术开发区', CAST(N'2026-04-27T11:10:25.623' AS DateTime), CAST(N'2026-04-20T11:10:25.623' AS DateTime), CAST(6200.00 AS Decimal(18, 2)), 1, NULL, 1, CAST(5.00 AS Decimal(5, 2)), CAST(87.50 AS Decimal(5, 2)), CAST(84.00 AS Decimal(5, 2)), CAST(85.75 AS Decimal(5, 2)), 1, N'Oracle、SAP、国内多家研发管理软件公司', N'符合GxP规范，满足医药行业要求', N'界面友好性有待提高', 3, 3, 1, 101, N'审批专员', CAST(N'2026-01-25T11:10:25.623' AS DateTime), N'行业合规性做得好，技术方案完善', CAST(N'2026-05-02T11:10:25.623' AS DateTime), N'ZN20240008', N'/bid-documents/2024/008/technical.pdf', N'/bid-documents/2024/008/commercial.pdf', N'生物医药行业，需确保符合监管要求', CAST(N'2026-01-27T11:10:25.623' AS DateTime), 62, N'黎伟', 1, N'销售部', NULL, NULL, NULL, NULL, NULL)
GO
INSERT [dbo].[Bid] ([BidId], [BidCode], [OpportunityId], [OpportunityCode], [CustomerId], [CustomerName], [BidProjectName], [BidProjectCode], [TenderOrganization], [TenderAddress], [BidOpeningDate], [BidSubmissionDeadline], [BidBondAmount], [BidBondPaid], [BidBondPaidTime], [PerformanceBondRequired], [PerformanceBondRate], [TechnicalScore], [CommercialScore], [TotalScore], [Ranking], [Competitors], [OurAdvantages], [OurDisadvantages], [BidStatus], [ApprovalStatus], [ApprovalFlowId], [ApprovalUserId], [ApprovalUserName], [ApprovalTime], [ApprovalComment], [WinNoticeTime], [WinNoticeNumber], [BidDocumentPath], [OtherAttachments], [Remark], [CreateTime], [CreateUserId], [CreateUserName], [CreateOrganizationId], [CreateOrganizationName], [ModifyTime], [ModifyUserId], [ModifyUserName], [ModifyOrganizationId], [ModifyOrganizationName]) VALUES (9, N'BID009', 25, N'OPP025', 25, N'证券投资公司', N'证券投资公司交易系统升级项目', N'ZB20240009', N'证券投资公司', N'上海市浦东新区陆家嘴', CAST(N'2026-05-17T11:10:25.623' AS DateTime), CAST(N'2026-05-10T11:10:25.623' AS DateTime), CAST(8900.00 AS Decimal(18, 2)), 1, NULL, 1, CAST(5.00 AS Decimal(5, 2)), CAST(80.00 AS Decimal(5, 2)), CAST(82.50 AS Decimal(5, 2)), CAST(81.25 AS Decimal(5, 2)), 3, N'恒生电子、金证股份、金仕达', N'交易性能优异，系统稳定性好', N'报价较高', 3, 3, 1, 101, N'审批专员', CAST(N'2026-01-23T11:10:25.623' AS DateTime), N'技术方案可行，但价格缺乏竞争力', CAST(N'2026-05-22T11:10:25.623' AS DateTime), N'ZN20240009', N'/bid-documents/2024/009/technical.pdf', N'/bid-documents/2024/009/commercial.pdf', N'金融核心交易系统，对性能和稳定性要求极高', CAST(N'2026-01-27T11:10:25.623' AS DateTime), 62, N'黎伟', 1, N'销售部', NULL, NULL, NULL, NULL, NULL)
GO
INSERT [dbo].[Bid] ([BidId], [BidCode], [OpportunityId], [OpportunityCode], [CustomerId], [CustomerName], [BidProjectName], [BidProjectCode], [TenderOrganization], [TenderAddress], [BidOpeningDate], [BidSubmissionDeadline], [BidBondAmount], [BidBondPaid], [BidBondPaidTime], [PerformanceBondRequired], [PerformanceBondRate], [TechnicalScore], [CommercialScore], [TotalScore], [Ranking], [Competitors], [OurAdvantages], [OurDisadvantages], [BidStatus], [ApprovalStatus], [ApprovalFlowId], [ApprovalUserId], [ApprovalUserName], [ApprovalTime], [ApprovalComment], [WinNoticeTime], [WinNoticeNumber], [BidDocumentPath], [OtherAttachments], [Remark], [CreateTime], [CreateUserId], [CreateUserName], [CreateOrganizationId], [CreateOrganizationName], [ModifyTime], [ModifyUserId], [ModifyUserName], [ModifyOrganizationId], [ModifyOrganizationName]) VALUES (10, N'BID010', 28, N'OPP028', 28, N'机械制造有限公司', N'机械制造有限公司ERP系统项目', N'ZB20240010', N'机械制造有限公司', N'重庆市渝北区两江新区', CAST(N'2026-05-07T11:10:25.623' AS DateTime), CAST(N'2026-04-30T11:10:25.623' AS DateTime), CAST(7200.00 AS Decimal(18, 2)), 1, NULL, 1, CAST(5.00 AS Decimal(5, 2)), CAST(85.00 AS Decimal(5, 2)), CAST(83.00 AS Decimal(5, 2)), CAST(84.00 AS Decimal(5, 2)), 2, N'SAP、用友、金蝶、浪潮', N'实施经验丰富，机械行业案例多', N'产品标准化程度有待提高', 3, 3, 1, 101, N'审批专员', CAST(N'2026-01-24T11:10:25.623' AS DateTime), N'行业理解深入，实施团队经验丰富', CAST(N'2026-05-12T11:10:25.623' AS DateTime), N'ZN20240010', N'/bid-documents/2024/010/technical.pdf', N'/bid-documents/2024/010/commercial.pdf', N'大型ERP项目，实施周期长，需分阶段推进', CAST(N'2026-01-27T11:10:25.623' AS DateTime), 62, N'黎伟', 1, N'销售部', NULL, NULL, NULL, NULL, NULL)
GO
SET IDENTITY_INSERT [dbo].[Bid] OFF
GO
